scenario,commit,timestamp,mode,strategy,sql_execution,batcher,workers,writers,batch,delay_ms,capacity,prefetch,sqlbatch_max_commands,sqlbatch_delay_ms,sqlbatch_request_concurrency,dml_execute_calls,sql_commands,rows_per_execute,mean_commands_per_execute,p95_commands_per_execute,max_commands_per_execute,distribution,rows,duration_s,committed_rows_s,ack_s,p50_commit_ms,p95_commit_ms,p99_commit_ms,p50_ack_ms,p95_ack_ms,p99_ack_ms,errors,correct
"confirmed-bulk-copy","c6d34691c004ad6967c5e372b77d820e57b3dd0f","2026-09-04T17:49:18.2512685+00:00",Queue,BulkCopy,Native,Channel,1,2,1000,5,8000,2000,1,1,1,0,0,0,0.000,0,0,Uniform,750000,36.508426,20543.203,20543.203,129.791,194.148,339.239,133.588,198.083,339.335,0,True
"confirmed-bulk-copy","c6d34691c004ad6967c5e372b77d820e57b3dd0f","2026-09-04T17:50:23.1112937+00:00",Queue,BulkCopy,Native,Channel,1,2,1000,5,8000,2000,1,1,1,0,0,0,0.000,0,0,Uniform,750000,37.349004,20080.857,20080.857,113.000,161.420,1865.421,117.060,164.903,1870.590,0,True
"confirmed-bulk-copy","c6d34691c004ad6967c5e372b77d820e57b3dd0f","2026-09-04T17:56:28.0828501+00:00",Queue,BulkCopy,Native,Channel,1,2,1000,5,8000,2000,1,1,1,0,0,0,0.000,0,0,Uniform,750000,34.420353,21789.434,21789.434,133.038,201.799,318.650,137.938,205.314,321.369,0,True
"confirmed-individual","c6d34691c004ad6967c5e372b77d820e57b3dd0f","2026-09-04T17:34:42.8662924+00:00",Queue,Individual,Native,None,2,4,1,5,1000,250,1,1,1,0,0,0,0.000,0,0,Uniform,750000,387.755602,1934.208,1934.208,9.793,26.355,165.927,9.805,26.370,165.978,0,True
"confirmed-individual","c6d34691c004ad6967c5e372b77d820e57b3dd0f","2026-09-04T17:41:08.3194977+00:00",Queue,Individual,Native,None,2,4,1,5,1000,250,1,1,1,0,0,0,0.000,0,0,Uniform,750000,365.388194,2052.611,2052.611,9.219,22.680,161.765,9.230,22.697,161.785,0,True
"confirmed-individual","c6d34691c004ad6967c5e372b77d820e57b3dd0f","2026-09-04T17:48:18.3289077+00:00",Queue,Individual,Native,None,2,4,1,5,1000,250,1,1,1,0,0,0,0.000,0,0,Uniform,750000,407.245396,1841.641,1841.641,9.555,27.412,195.078,9.567,27.428,195.111,0,True
"confirmed-multi-row-values","c6d34691c004ad6967c5e372b77d820e57b3dd0f","2026-09-04T17:58:22.9991089+00:00",Queue,MultiRowValues,Native,Channel,2,2,100,5,2000,400,1,1,1,0,0,0,0.000,0,0,Uniform,750000,85.726750,8748.728,8748.728,96.616,663.058,1245.940,96.694,663.198,1246.016,0,True
"confirmed-multi-row-values","c6d34691c004ad6967c5e372b77d820e57b3dd0f","2026-09-04T17:27:37.7364405+00:00",Queue,MultiRowValues,Native,Channel,2,2,100,5,2000,400,1,1,1,0,0,0,0.000,0,0,Uniform,750000,85.140466,8808.972,8808.972,96.828,614.082,1004.166,96.887,614.358,1004.576,0,True
"confirmed-multi-row-values","c6d34691c004ad6967c5e372b77d820e57b3dd0f","2026-09-04T17:24:47.7644558+00:00",Queue,MultiRowValues,Native,Channel,2,2,100,5,2000,400,1,1,1,0,0,0,0.000,0,0,Uniform,750000,83.664151,8964.413,8964.413,94.089,598.213,1610.070,94.161,598.508,1610.255,0,True
"confirmed-multiple-statements","c6d34691c004ad6967c5e372b77d820e57b3dd0f","2026-09-04T17:55:33.0226370+00:00",Queue,MultipleInsertStatements,Native,Channel,4,2,50,5,2000,200,1,1,1,0,0,0,0.000,0,0,Uniform,750000,88.505308,8474.068,8474.068,105.983,646.287,1299.604,106.044,646.507,1299.829,0,True
"confirmed-multiple-statements","c6d34691c004ad6967c5e372b77d820e57b3dd0f","2026-09-04T17:59:43.1763639+00:00",Queue,MultipleInsertStatements,Native,Channel,4,2,50,5,2000,200,1,1,1,0,0,0,0.000,0,0,Uniform,750000,53.848769,13927.895,13927.895,100.456,154.171,265.884,100.511,154.240,265.983,0,True
"confirmed-multiple-statements","c6d34691c004ad6967c5e372b77d820e57b3dd0f","2026-09-04T17:51:43.0370367+00:00",Queue,MultipleInsertStatements,Native,Channel,4,2,50,5,2000,200,1,1,1,0,0,0,0.000,0,0,Uniform,750000,49.563602,15132.072,15132.072,94.890,135.181,158.010,94.948,135.241,158.063,0,True
"confirmed-table-valued-parameter","c6d34691c004ad6967c5e372b77d820e57b3dd0f","2026-09-04T17:25:42.3296802+00:00",Queue,TableValuedParameter,Native,Channel,1,2,5000,5,10000,20000,1,1,1,0,0,0,0.000,0,0,Uniform,750000,25.788777,29082.418,29082.418,167.226,337.187,386.287,179.985,356.232,417.832,0,True
"confirmed-table-valued-parameter","c6d34691c004ad6967c5e372b77d820e57b3dd0f","2026-09-04T17:53:38.2721780+00:00",Queue,TableValuedParameter,Native,Channel,1,2,5000,5,10000,20000,1,1,1,0,0,0,0.000,0,0,Uniform,750000,31.306418,23956.749,23956.749,118.336,237.850,375.189,127.944,249.671,396.098,0,True
"confirmed-table-valued-parameter","c6d34691c004ad6967c5e372b77d820e57b3dd0f","2026-09-04T17:52:42.8123761+00:00",Queue,TableValuedParameter,Native,Channel,1,2,5000,5,10000,20000,1,1,1,0,0,0,0.000,0,0,Uniform,750000,36.163772,20738.987,20738.987,175.972,1730.368,2099.714,190.449,1772.504,2148.327,0,True
"broad-bulkcopy-hotparent","e0d9785371713fd13ea2de2b3471eb7c806fad3e","2026-09-04T16:54:45.3165395+00:00",Queue,BulkCopy,Native,Channel,1,2,1000,5,8000,2000,1,1,1,0,0,0,0.000,0,0,HotParent,10000,3.746279,2669.315,2669.315,1321.330,1821.344,1830.724,1325.782,1828.939,1831.663,0,True
"broad-bulkcopy-moderateskew","e0d9785371713fd13ea2de2b3471eb7c806fad3e","2026-09-04T16:55:33.8483726+00:00",Queue,BulkCopy,Native,Channel,1,2,1000,5,8000,2000,1,1,1,0,0,0,0.000,0,0,ModerateSkew,10000,0.697060,14345.967,14345.967,112.706,379.108,390.991,123.806,379.943,391.768,0,True
"broad-bulkcopy-uniform","e0d9785371713fd13ea2de2b3471eb7c806fad3e","2026-09-04T16:55:00.3864103+00:00",Queue,BulkCopy,Native,Channel,1,2,1000,5,8000,2000,1,1,1,0,0,0,0.000,0,0,Uniform,10000,0.761661,13129.192,13129.192,162.143,364.450,368.740,164.947,367.849,369.230,0,True
"broad-individual-hotparent","e0d9785371713fd13ea2de2b3471eb7c806fad3e","2026-09-04T16:54:58.9134710+00:00",Queue,Individual,Native,None,1,4,1,5,1000,250,1,1,1,0,0,0,0.000,0,0,HotParent,10000,5.700625,1754.194,1754.194,7.560,11.470,16.403,7.573,11.482,16.410,0,True
"broad-individual-moderateskew","e0d9785371713fd13ea2de2b3471eb7c806fad3e","2026-09-04T16:54:39.1028522+00:00",Queue,Individual,Native,None,1,4,1,5,1000,250,1,1,1,0,0,0,0.000,0,0,ModerateSkew,10000,10.780088,927.636,927.636,8.319,99.215,119.850,8.324,99.253,119.884,0,True
"broad-individual-uniform","e0d9785371713fd13ea2de2b3471eb7c806fad3e","2026-09-04T16:55:19.0150166+00:00",Queue,Individual,Native,None,1,4,1,5,1000,250,1,1,1,0,0,0,0.000,0,0,Uniform,10000,5.605441,1783.981,1783.981,7.620,11.203,14.072,7.632,11.214,14.078,0,True
"broad-multipleinsertstatements-hotparent","e0d9785371713fd13ea2de2b3471eb7c806fad3e","2026-09-04T16:55:30.7260988+00:00",Queue,MultipleInsertStatements,Native,Channel,1,2,50,5,2000,200,1,1,1,0,0,0,0.000,0,0,HotParent,10000,2.233069,4478.142,4478.142,75.767,169.501,213.204,75.857,169.545,213.317,0,True
"broad-multipleinsertstatements-moderateskew","e0d9785371713fd13ea2de2b3471eb7c806fad3e","2026-09-04T16:55:04.9475976+00:00",Queue,MultipleInsertStatements,Native,Channel,1,2,50,5,2000,200,1,1,1,0,0,0,0.000,0,0,ModerateSkew,10000,1.574006,6353.216,6353.216,48.013,87.945,259.254,48.133,87.989,259.456,0,True
"broad-multipleinsertstatements-uniform","e0d9785371713fd13ea2de2b3471eb7c806fad3e","2026-09-04T16:55:23.2844861+00:00",Queue,MultipleInsertStatements,Native,Channel,1,2,50,5,2000,200,1,1,1,0,0,0,0.000,0,0,Uniform,10000,1.950149,5127.812,5127.812,64.747,129.096,210.128,64.826,129.138,210.152,0,True
"broad-multirowvalues-hotparent","e0d9785371713fd13ea2de2b3471eb7c806fad3e","2026-09-04T16:55:26.1127601+00:00",Queue,MultiRowValues,Native,Channel,1,2,100,5,2000,400,1,1,1,0,0,0,0.000,0,0,HotParent,10000,1.242265,8049.815,8049.815,65.907,257.974,299.561,66.056,257.997,299.594,0,True
"broad-multirowvalues-moderateskew","e0d9785371713fd13ea2de2b3471eb7c806fad3e","2026-09-04T16:55:27.9205861+00:00",Queue,MultiRowValues,Native,Channel,1,2,100,5,2000,400,1,1,1,0,0,0,0.000,0,0,ModerateSkew,10000,1.178316,8486.687,8486.687,73.590,234.041,274.561,73.687,234.077,274.586,0,True
"broad-multirowvalues-uniform","e0d9785371713fd13ea2de2b3471eb7c806fad3e","2026-09-04T16:55:32.5774478+00:00",Queue,MultiRowValues,Native,Channel,1,2,100,5,2000,400,1,1,1,0,0,0,0.000,0,0,Uniform,10000,1.188728,8412.355,8412.355,77.316,185.669,214.898,77.470,185.805,214.970,0,True
"broad-tablevaluedparameter-hotparent","e0d9785371713fd13ea2de2b3471eb7c806fad3e","2026-09-04T16:54:07.8407010+00:00",Queue,TableValuedParameter,Native,Channel,1,2,500,5,4000,1000,1,1,1,0,0,0,0.000,0,0,HotParent,10000,0.820980,12180.562,12180.562,89.016,326.658,349.131,90.151,327.663,349.561,0,True
"broad-tablevaluedparameter-moderateskew","e0d9785371713fd13ea2de2b3471eb7c806fad3e","2026-09-04T16:55:01.9402629+00:00",Queue,TableValuedParameter,Native,Channel,1,2,500,5,4000,1000,1,1,1,0,0,0,0.000,0,0,ModerateSkew,10000,0.947158,10557.901,10557.901,133.132,259.349,306.717,136.044,262.040,307.250,0,True
"broad-tablevaluedparameter-uniform","e0d9785371713fd13ea2de2b3471eb7c806fad3e","2026-09-04T16:55:20.5181038+00:00",Queue,TableValuedParameter,Native,Channel,1,2,500,5,4000,1000,1,1,1,0,0,0,0.000,0,0,Uniform,10000,0.904091,11060.829,11060.829,128.264,296.398,333.528,130.691,298.589,333.806,0,True
"control-noop-queue","e0d9785371713fd13ea2de2b3471eb7c806fad3e","2026-09-04T16:54:05.4014074+00:00",NoOpQueue,BulkCopy,Native,Channel,4,4,1000,1,16000,4000,1,1,1,0,0,0,0.000,0,0,Uniform,100000,2.871521,0.000,34824.753,0.010,0.040,1.500,0.018,0.084,6.221,0,True
"direct-bulkcopy","e0d9785371713fd13ea2de2b3471eb7c806fad3e","2026-09-04T17:00:33.1328800+00:00",DirectDatabase,BulkCopy,Native,Channel,1,2,1000,5,8000,2000,1,1,1,0,0,0,0.000,0,0,Uniform,10000,0.355453,28133.123,0.000,53.292,97.240,97.240,0.000,0.000,0.000,0,True
"direct-individual","e0d9785371713fd13ea2de2b3471eb7c806fad3e","2026-09-04T17:00:30.8500333+00:00",DirectDatabase,Individual,Native,None,1,4,1,5,1000,250,1,1,1,0,0,0,0.000,0,0,Uniform,10000,20.972023,476.826,0.000,7.571,13.694,22.614,0.000,0.000,0.000,0,True
"direct-multipleinsertstatements","e0d9785371713fd13ea2de2b3471eb7c806fad3e","2026-09-04T17:00:34.7313986+00:00",DirectDatabase,MultipleInsertStatements,Native,Channel,1,2,50,5,2000,200,1,1,1,0,0,0,0.000,0,0,Uniform,10000,1.307210,7649.883,0.000,12.036,20.434,28.075,0.000,0.000,0.000,0,True
"direct-multirowvalues","e0d9785371713fd13ea2de2b3471eb7c806fad3e","2026-09-04T17:00:31.9008449+00:00",DirectDatabase,MultiRowValues,Native,Channel,1,2,100,5,2000,400,1,1,1,0,0,0,0.000,0,0,Uniform,10000,0.773470,12928.751,0.000,14.158,20.412,31.753,0.000,0.000,0.000,0,True
"direct-tablevaluedparameter","e0d9785371713fd13ea2de2b3471eb7c806fad3e","2026-09-04T17:00:32.5833342+00:00",DirectDatabase,TableValuedParameter,Native,Channel,1,2,500,5,4000,1000,1,1,1,0,0,0,0.000,0,0,Uniform,10000,0.507401,19708.274,0.000,43.732,72.904,73.077,0.000,0.000,0.000,0,True
"finalist-bulkcopy","e0d9785371713fd13ea2de2b3471eb7c806fad3e","2026-09-04T17:14:44.5921338+00:00",Queue,BulkCopy,Native,Channel,1,2,1000,5,8000,2000,1,1,1,0,0,0,0.000,0,0,Uniform,250000,10.845736,23050.533,23050.533,118.563,206.017,401.274,122.334,208.472,412.956,0,True
"finalist-bulkcopy","e0d9785371713fd13ea2de2b3471eb7c806fad3e","2026-09-04T17:16:19.6074324+00:00",Queue,BulkCopy,Native,Channel,1,2,1000,5,8000,2000,1,1,1,0,0,0,0.000,0,0,Uniform,250000,11.397642,21934.362,21934.362,96.134,163.439,2433.446,99.584,166.625,2439.197,0,True
"finalist-bulkcopy","e0d9785371713fd13ea2de2b3471eb7c806fad3e","2026-09-04T17:01:04.6409477+00:00",Queue,BulkCopy,Native,Channel,1,2,1000,5,8000,2000,1,1,1,0,0,0,0.000,0,0,Uniform,250000,17.248150,14494.309,14494.309,119.597,790.302,1114.373,124.201,800.825,1122.557,0,True
"finalist-individual","e0d9785371713fd13ea2de2b3471eb7c806fad3e","2026-09-04T17:14:24.6432378+00:00",Queue,Individual,Native,None,1,4,1,5,1000,250,1,1,1,0,0,0,0.000,0,0,Uniform,250000,249.711546,1001.155,1001.155,9.774,21.663,163.102,9.782,21.674,163.132,0,True
"finalist-individual","e0d9785371713fd13ea2de2b3471eb7c806fad3e","2026-09-04T17:20:24.7178638+00:00",Queue,Individual,Native,None,1,4,1,5,1000,250,1,1,1,0,0,0,0.000,0,0,Uniform,250000,236.622663,1056.534,1056.534,9.064,20.790,163.639,9.071,20.800,163.680,0,True
"finalist-individual","e0d9785371713fd13ea2de2b3471eb7c806fad3e","2026-09-04T17:10:04.9189754+00:00",Queue,Individual,Native,None,1,4,1,5,1000,250,1,1,1,0,0,0,0.000,0,0,Uniform,250000,248.090851,1007.695,1007.695,9.704,22.058,165.794,9.712,22.069,165.827,0,True
"finalist-multipleinsertstatements","e0d9785371713fd13ea2de2b3471eb7c806fad3e","2026-09-04T17:02:24.6781951+00:00",Queue,MultipleInsertStatements,Native,Channel,1,2,50,5,2000,200,1,1,1,0,0,0,0.000,0,0,Uniform,250000,32.793169,7623.539,7623.539,47.065,79.469,94.257,47.110,79.510,94.308,0,True
"finalist-multipleinsertstatements","e0d9785371713fd13ea2de2b3471eb7c806fad3e","2026-09-04T17:05:44.5219234+00:00",Queue,MultipleInsertStatements,Native,Channel,1,2,50,5,2000,200,1,1,1,0,0,0,0.000,0,0,Uniform,250000,32.010198,7810.011,7810.011,45.823,74.722,90.713,45.870,74.794,90.772,0,True
"finalist-multipleinsertstatements","e0d9785371713fd13ea2de2b3471eb7c806fad3e","2026-09-04T17:03:49.5179662+00:00",Queue,MultipleInsertStatements,Native,Channel,1,2,50,5,2000,200,1,1,1,0,0,0,0.000,0,0,Uniform,250000,34.550982,7235.684,7235.684,46.530,76.761,105.354,46.571,76.809,105.364,0,True
"finalist-multirowvalues","e0d9785371713fd13ea2de2b3471eb7c806fad3e","2026-09-04T17:04:59.3784605+00:00",Queue,MultiRowValues,Native,Channel,1,2,100,5,2000,400,1,1,1,0,0,0,0.000,0,0,Uniform,250000,25.054533,9978.234,9978.234,66.128,88.417,460.039,66.196,88.474,460.211,0,True
"finalist-multirowvalues","e0d9785371713fd13ea2de2b3471eb7c806fad3e","2026-09-04T17:04:24.6381429+00:00",Queue,MultiRowValues,Native,Channel,1,2,100,5,2000,400,1,1,1,0,0,0,0.000,0,0,Uniform,250000,24.922587,10031.061,10031.061,66.621,92.334,402.436,66.680,92.486,402.522,0,True
"finalist-multirowvalues","e0d9785371713fd13ea2de2b3471eb7c806fad3e","2026-09-04T17:03:04.4773474+00:00",Queue,MultiRowValues,Native,Channel,1,2,100,5,2000,400,1,1,1,0,0,0,0.000,0,0,Uniform,250000,24.759214,10097.251,10097.251,66.496,95.996,410.012,66.557,96.040,410.205,0,True
"finalist-tablevaluedparameter","e0d9785371713fd13ea2de2b3471eb7c806fad3e","2026-09-04T17:15:54.7929375+00:00",Queue,TableValuedParameter,Native,Channel,1,2,500,5,4000,1000,1,1,1,0,0,0,0.000,0,0,Uniform,250000,22.504976,11108.655,11108.655,117.524,180.206,315.319,119.759,182.870,315.650,0,True
"finalist-tablevaluedparameter","e0d9785371713fd13ea2de2b3471eb7c806fad3e","2026-09-04T17:01:39.3085168+00:00",Queue,TableValuedParameter,Native,Channel,1,2,500,5,4000,1000,1,1,1,0,0,0,0.000,0,0,Uniform,250000,26.089322,9582.465,9582.465,129.777,209.274,1200.454,132.089,212.070,1206.552,0,True
"finalist-tablevaluedparameter","e0d9785371713fd13ea2de2b3471eb7c806fad3e","2026-09-04T17:15:19.8844515+00:00",Queue,TableValuedParameter,Native,Channel,1,2,500,5,4000,1000,1,1,1,0,0,0,0.000,0,0,Uniform,250000,22.913126,10910.777,10910.777,133.176,218.517,360.971,135.038,218.819,364.175,0,True
"refine-bulk-capacity-2000","e0d9785371713fd13ea2de2b3471eb7c806fad3e","2026-09-04T16:58:21.3181010+00:00",Queue,BulkCopy,Native,Channel,1,2,500,5,2000,1000,1,1,1,0,0,0,0.000,0,0,Uniform,10000,0.834867,11977.959,11977.959,108.636,293.304,316.881,110.553,294.057,317.070,0,True
"refine-bulk-capacity-500","e0d9785371713fd13ea2de2b3471eb7c806fad3e","2026-09-04T16:57:27.5841351+00:00",Queue,BulkCopy,Native,Channel,1,2,500,5,500,1000,1,1,1,0,0,0,0.000,0,0,Uniform,10000,0.902997,11074.238,11074.238,94.271,247.438,250.527,99.055,249.925,250.890,0,True
"refine-bulk-capacity-8000","e0d9785371713fd13ea2de2b3471eb7c806fad3e","2026-09-04T16:55:50.4774666+00:00",Queue,BulkCopy,Native,Channel,1,2,500,5,8000,1000,1,1,1,0,0,0,0.000,0,0,Uniform,10000,0.779278,12832.383,12832.383,109.046,241.648,262.540,110.874,247.336,265.283,0,True
"refine-bulk-delay-1","e0d9785371713fd13ea2de2b3471eb7c806fad3e","2026-09-04T16:57:34.0489370+00:00",Queue,BulkCopy,Native,Channel,1,2,500,1,4000,1000,1,1,1,0,0,0,0.000,0,0,Uniform,10000,0.863727,11577.731,11577.731,102.533,311.054,332.643,104.328,313.247,335.979,0,True
"refine-bulk-delay-20","e0d9785371713fd13ea2de2b3471eb7c806fad3e","2026-09-04T16:57:05.3828947+00:00",Queue,BulkCopy,Native,Channel,1,2,500,20,4000,1000,1,1,1,0,0,0,0.000,0,0,Uniform,10000,0.836746,11951.062,11951.062,105.425,294.735,331.546,109.759,305.213,336.724,0,True
"refine-bulk-delay-5","e0d9785371713fd13ea2de2b3471eb7c806fad3e","2026-09-04T16:55:47.2930736+00:00",Queue,BulkCopy,Native,Channel,1,2,500,5,4000,1000,1,1,1,0,0,0,0.000,0,0,Uniform,10000,0.940053,10637.701,10637.701,108.678,380.338,399.345,109.466,380.926,399.874,0,True
"refine-bulk-delay-50","e0d9785371713fd13ea2de2b3471eb7c806fad3e","2026-09-04T16:56:14.6259547+00:00",Queue,BulkCopy,Native,Channel,1,2,500,50,4000,1000,1,1,1,0,0,0,0.000,0,0,Uniform,10000,0.891134,11221.657,11221.657,123.973,255.882,285.868,125.647,260.215,293.394,0,True
"refine-bulk-prefetch-1000","e0d9785371713fd13ea2de2b3471eb7c806fad3e","2026-09-04T16:56:55.5845959+00:00",Queue,BulkCopy,Native,Channel,1,2,500,5,4000,1000,1,1,1,0,0,0,0.000,0,0,Uniform,10000,0.938949,10650.201,10650.201,93.574,351.036,393.699,95.032,354.478,394.247,0,True
"refine-bulk-prefetch-2000","e0d9785371713fd13ea2de2b3471eb7c806fad3e","2026-09-04T16:58:22.8538965+00:00",Queue,BulkCopy,Native,Channel,1,2,500,5,4000,2000,1,1,1,0,0,0,0.000,0,0,Uniform,10000,0.905518,11043.398,11043.398,258.006,387.897,428.442,260.015,389.211,431.322,0,True
"refine-bulk-prefetch-4000","e0d9785371713fd13ea2de2b3471eb7c806fad3e","2026-09-04T16:57:38.7819546+00:00",Queue,BulkCopy,Native,Channel,1,2,500,5,4000,4000,1,1,1,0,0,0,0.000,0,0,Uniform,10000,1.016216,9840.431,9840.431,368.843,582.829,587.184,373.670,586.999,591.397,0,True
"refine-bulk-prefetch-500","e0d9785371713fd13ea2de2b3471eb7c806fad3e","2026-09-04T16:55:45.7120766+00:00",Queue,BulkCopy,Native,Channel,1,2,500,5,4000,500,1,1,1,0,0,0,0.000,0,0,Uniform,10000,0.948105,10547.356,10547.356,59.392,193.919,210.075,61.509,194.472,210.452,0,True
"refine-bulk-writers-1","e0d9785371713fd13ea2de2b3471eb7c806fad3e","2026-09-04T16:58:27.5106722+00:00",Queue,BulkCopy,Native,Channel,1,1,500,5,4000,1000,1,1,1,0,0,0,0.000,0,0,Uniform,10000,1.337947,7474.136,7474.136,83.610,266.476,320.920,87.566,270.659,323.802,0,True
"refine-bulk-writers-2","e0d9785371713fd13ea2de2b3471eb7c806fad3e","2026-09-04T16:57:37.1714033+00:00",Queue,BulkCopy,Native,Channel,1,2,500,5,4000,1000,1,1,1,0,0,0,0.000,0,0,Uniform,10000,0.832754,12008.345,12008.345,109.650,264.408,283.584,112.221,264.739,284.269,0,True
"refine-bulk-writers-4","e0d9785371713fd13ea2de2b3471eb7c806fad3e","2026-09-04T16:58:09.0076739+00:00",Queue,BulkCopy,Native,Channel,1,4,500,5,4000,1000,1,1,1,0,0,0,0.000,0,0,Uniform,10000,0.805611,12412.946,12412.946,234.354,328.592,369.767,235.358,331.808,369.972,0,True
"refine-bulk-writers-8","e0d9785371713fd13ea2de2b3471eb7c806fad3e","2026-09-04T16:56:40.3006847+00:00",Queue,BulkCopy,Native,Channel,1,8,500,5,4000,1000,1,1,1,0,0,0,0.000,0,0,Uniform,10000,0.895307,11169.354,11169.354,282.469,760.198,831.254,291.200,760.237,831.666,0,True
"refine-bulkcopy-batch-10","e0d9785371713fd13ea2de2b3471eb7c806fad3e","2026-09-04T16:57:59.0346544+00:00",Queue,BulkCopy,Native,Channel,1,2,10,5,8000,40,1,1,1,0,0,0,0.000,0,0,Uniform,10000,11.984048,834.443,834.443,84.918,141.576,177.791,84.944,141.633,177.803,0,True
"refine-bulkcopy-batch-100","e0d9785371713fd13ea2de2b3471eb7c806fad3e","2026-09-04T16:58:03.2555661+00:00",Queue,BulkCopy,Native,Channel,1,2,100,5,8000,400,1,1,1,0,0,0,0.000,0,0,Uniform,10000,2.380619,4200.588,4200.588,169.583,226.712,319.482,169.755,226.763,319.677,0,True
"refine-bulkcopy-batch-1000","e0d9785371713fd13ea2de2b3471eb7c806fad3e","2026-09-04T16:56:04.1554721+00:00",Queue,BulkCopy,Native,Channel,1,2,1000,5,8000,4000,1,1,1,0,0,0,0.000,0,0,Uniform,10000,3.105743,3219.841,3219.841,1522.755,2221.080,2224.275,1542.046,2222.758,2224.639,0,True
"refine-bulkcopy-batch-50","e0d9785371713fd13ea2de2b3471eb7c806fad3e","2026-09-04T16:58:18.9299791+00:00",Queue,BulkCopy,Native,Channel,1,2,50,5,8000,200,1,1,1,0,0,0,0.000,0,0,Uniform,10000,4.326184,2311.506,2311.506,163.681,218.622,338.444,163.793,218.844,338.526,0,True
"refine-bulkcopy-batch-500","e0d9785371713fd13ea2de2b3471eb7c806fad3e","2026-09-04T16:56:41.7231614+00:00",Queue,BulkCopy,Native,Channel,1,2,500,5,8000,2000,1,1,1,0,0,0,0.000,0,0,Uniform,10000,0.883859,11314.017,11314.017,224.620,411.738,430.818,228.014,412.971,431.129,0,True
"refine-bulkcopy-batch-5000","e0d9785371713fd13ea2de2b3471eb7c806fad3e","2026-09-04T16:58:00.2979525+00:00",Queue,BulkCopy,Native,Channel,1,2,5000,5,10000,20000,1,1,1,0,0,0,0.000,0,0,Uniform,10000,0.568829,17579.966,17579.966,377.940,443.756,457.120,383.824,448.439,457.760,0,True
"refine-bulkcopy-channel","e0d9785371713fd13ea2de2b3471eb7c806fad3e","2026-09-04T16:56:43.2962019+00:00",Queue,BulkCopy,Native,Channel,1,2,500,5,4000,1000,1,1,1,0,0,0,0.000,0,0,Uniform,10000,0.801425,12477.780,12477.780,101.585,253.463,275.127,102.737,254.451,275.322,0,True
"refine-bulkcopy-lockswap","e0d9785371713fd13ea2de2b3471eb7c806fad3e","2026-09-04T16:57:14.0256573+00:00",Queue,BulkCopy,Native,LockSwap,1,2,500,5,4000,1000,1,1,1,0,0,0,0.000,0,0,Uniform,10000,2.916674,3428.563,3428.563,383.257,888.283,925.403,383.396,888.332,925.474,0,True
"refine-multipleinsertstatements-batch-10","e0d9785371713fd13ea2de2b3471eb7c806fad3e","2026-09-04T16:57:24.0055018+00:00",Queue,MultipleInsertStatements,Native,Channel,1,2,10,5,2000,40,1,1,1,0,0,0,0.000,0,0,Uniform,10000,4.387475,2279.215,2279.215,29.762,49.906,101.334,29.790,49.949,101.374,0,True
"refine-multipleinsertstatements-batch-100","e0d9785371713fd13ea2de2b3471eb7c806fad3e","2026-09-04T16:58:25.0539535+00:00",Queue,MultipleInsertStatements,Native,Channel,1,2,100,5,2000,400,1,1,1,0,0,0,0.000,0,0,Uniform,10000,1.427806,7003.750,7003.750,84.066,316.560,348.779,84.294,316.604,348.844,0,True
"refine-multipleinsertstatements-batch-161","e0d9785371713fd13ea2de2b3471eb7c806fad3e","2026-09-04T16:56:09.4065077+00:00",Queue,MultipleInsertStatements,Native,Channel,1,2,161,5,2000,644,1,1,1,0,0,0,0.000,0,0,Uniform,10000,4.446121,2249.152,2249.152,492.367,834.511,997.048,495.532,834.664,997.307,0,True
"refine-multipleinsertstatements-batch-50","e0d9785371713fd13ea2de2b3471eb7c806fad3e","2026-09-04T16:56:38.8945284+00:00",Queue,MultipleInsertStatements,Native,Channel,1,2,50,5,2000,200,1,1,1,0,0,0,0.000,0,0,Uniform,10000,7.844419,1274.792,1274.792,407.042,519.518,563.285,407.053,519.628,563.323,0,True
"refine-multirowvalues-batch-10","e0d9785371713fd13ea2de2b3471eb7c806fad3e","2026-09-04T16:55:44.1246876+00:00",Queue,MultiRowValues,Native,Channel,1,2,10,5,2000,40,1,1,1,0,0,0,0.000,0,0,Uniform,10000,4.519877,2212.449,2212.449,29.475,70.818,92.652,29.501,70.879,92.794,0,True
"refine-multirowvalues-batch-100","e0d9785371713fd13ea2de2b3471eb7c806fad3e","2026-09-04T16:56:21.7097371+00:00",Queue,MultiRowValues,Native,Channel,1,2,100,5,2000,400,1,1,1,0,0,0,0.000,0,0,Uniform,10000,6.284495,1591.218,1591.218,404.242,851.014,910.198,404.316,851.038,910.333,0,True
"refine-multirowvalues-batch-161","e0d9785371713fd13ea2de2b3471eb7c806fad3e","2026-09-04T16:57:25.9226012+00:00",Queue,MultiRowValues,Native,Channel,1,2,161,5,2000,644,1,1,1,0,0,0,0.000,0,0,Uniform,10000,1.257303,7953.530,7953.530,127.810,347.065,374.538,127.951,347.117,374.707,0,True
"refine-multirowvalues-batch-50","e0d9785371713fd13ea2de2b3471eb7c806fad3e","2026-09-04T16:56:54.0420170+00:00",Queue,MultiRowValues,Native,Channel,1,2,50,5,2000,200,1,1,1,0,0,0,0.000,0,0,Uniform,10000,1.799411,5557.376,5557.376,56.747,92.562,242.092,56.825,92.586,242.353,0,True
"refine-tablevaluedparameter-batch-10","e0d9785371713fd13ea2de2b3471eb7c806fad3e","2026-09-04T16:58:44.0054933+00:00",Queue,TableValuedParameter,Native,Channel,1,2,10,5,8000,40,1,1,1,0,0,0,0.000,0,0,Uniform,10000,8.863767,1128.188,1128.188,59.893,111.779,126.499,59.927,111.854,126.536,0,True
"refine-tablevaluedparameter-batch-100","e0d9785371713fd13ea2de2b3471eb7c806fad3e","2026-09-04T16:57:03.9688171+00:00",Queue,TableValuedParameter,Native,Channel,1,2,100,5,8000,400,1,1,1,0,0,0,0.000,0,0,Uniform,10000,2.460013,4065.019,4065.019,184.967,220.154,265.562,185.462,220.203,265.833,0,True
"refine-tablevaluedparameter-batch-1000","e0d9785371713fd13ea2de2b3471eb7c806fad3e","2026-09-04T16:57:35.6015228+00:00",Queue,TableValuedParameter,Native,Channel,1,2,1000,5,8000,4000,1,1,1,0,0,0,0.000,0,0,Uniform,10000,0.804340,12432.549,12432.549,346.168,454.228,470.541,349.968,455.167,471.774,0,True
"refine-tablevaluedparameter-batch-50","e0d9785371713fd13ea2de2b3471eb7c806fad3e","2026-09-04T16:55:38.9820151+00:00",Queue,TableValuedParameter,Native,Channel,1,2,50,5,8000,200,1,1,1,0,0,0,0.000,0,0,Uniform,10000,4.130579,2420.968,2420.968,164.445,208.866,285.508,164.672,208.918,285.544,0,True
"refine-tablevaluedparameter-batch-500","e0d9785371713fd13ea2de2b3471eb7c806fad3e","2026-09-04T16:56:13.1344096+00:00",Queue,TableValuedParameter,Native,Channel,1,2,500,5,8000,2000,1,1,1,0,0,0,0.000,0,0,Uniform,10000,0.931359,10736.996,10736.996,269.713,384.951,412.972,274.914,389.658,414.068,0,True
"refine-tablevaluedparameter-batch-5000","e0d9785371713fd13ea2de2b3471eb7c806fad3e","2026-09-04T16:55:48.3891791+00:00",Queue,TableValuedParameter,Native,Channel,1,2,5000,5,10000,20000,1,1,1,0,0,0,0.000,0,0,Uniform,10000,0.502226,19911.367,19911.367,336.316,377.825,380.577,367.911,384.928,387.380,0,True
"refine-tablevaluedparameter-channel","e0d9785371713fd13ea2de2b3471eb7c806fad3e","2026-09-04T16:56:11.5643742+00:00",Queue,TableValuedParameter,Native,Channel,1,2,500,5,4000,1000,1,1,1,0,0,0,0.000,0,0,Uniform,10000,1.398619,7149.910,7149.910,87.278,865.298,870.748,87.814,870.203,876.240,0,True
"refine-tablevaluedparameter-lockswap","e0d9785371713fd13ea2de2b3471eb7c806fad3e","2026-09-04T16:55:55.3023697+00:00",Queue,TableValuedParameter,Native,LockSwap,1,2,500,5,4000,1000,1,1,1,0,0,0,0.000,0,0,Uniform,10000,3.533451,2830.095,2830.095,536.984,1068.142,1099.925,537.087,1068.178,1099.959,0,True
"scaling-bulkcopy-workers-1","e0d9785371713fd13ea2de2b3471eb7c806fad3e","2026-09-04T16:58:58.1947778+00:00",Queue,BulkCopy,Native,Channel,1,2,1000,5,8000,2000,1,1,1,0,0,0,0.000,0,0,Uniform,10000,2.991723,3342.556,3342.556,870.395,1558.562,1562.856,873.961,1560.406,1563.074,0,True
"scaling-bulkcopy-workers-2","e0d9785371713fd13ea2de2b3471eb7c806fad3e","2026-09-04T17:00:04.1015702+00:00",Queue,BulkCopy,Native,Channel,2,2,1000,5,8000,2000,1,1,1,0,0,0,0.000,0,0,Uniform,10000,0.669272,14941.610,14941.610,320.686,430.675,437.533,323.367,434.298,447.917,0,True
"scaling-bulkcopy-workers-4","e0d9785371713fd13ea2de2b3471eb7c806fad3e","2026-09-04T16:59:51.7532210+00:00",Queue,BulkCopy,Native,Channel,4,2,1000,5,8000,2000,1,1,1,0,0,0,0.000,0,0,Uniform,10000,0.632400,15812.772,15812.772,363.925,530.758,564.670,369.657,532.739,565.230,0,True
"scaling-individual-workers-1","e0d9785371713fd13ea2de2b3471eb7c806fad3e","2026-09-04T16:59:49.0750383+00:00",Queue,Individual,Native,None,1,4,1,5,1000,250,1,1,1,0,0,0,0.000,0,0,Uniform,10000,5.691457,1757.019,1757.019,7.466,12.230,18.881,7.477,12.239,18.887,0,True
"scaling-individual-workers-2","e0d9785371713fd13ea2de2b3471eb7c806fad3e","2026-09-04T16:59:12.9010305+00:00",Queue,Individual,Native,None,2,4,1,5,1000,250,1,1,1,0,0,0,0.000,0,0,Uniform,10000,3.328790,3004.094,3004.094,7.736,12.020,20.865,7.760,12.043,20.904,0,True
"scaling-individual-workers-4","e0d9785371713fd13ea2de2b3471eb7c806fad3e","2026-09-04T16:58:54.1883791+00:00",Queue,Individual,Native,None,4,4,1,5,1000,250,1,1,1,0,0,0,0.000,0,0,Uniform,10000,3.898989,2564.767,2564.767,13.548,39.173,269.339,13.584,39.244,269.362,0,True
"scaling-multipleinsertstatements-workers-1","e0d9785371713fd13ea2de2b3471eb7c806fad3e","2026-09-04T16:59:34.0338087+00:00",Queue,MultipleInsertStatements,Native,Channel,1,2,50,5,2000,200,1,1,1,0,0,0,0.000,0,0,Uniform,10000,13.363863,748.287,748.287,499.441,754.956,785.420,499.562,755.020,785.650,0,True
"scaling-multipleinsertstatements-workers-2","e0d9785371713fd13ea2de2b3471eb7c806fad3e","2026-09-04T16:59:37.1699760+00:00",Queue,MultipleInsertStatements,Native,Channel,2,2,50,5,2000,200,1,1,1,0,0,0,0.000,0,0,Uniform,10000,1.051428,9510.871,9510.871,62.186,217.422,258.026,62.272,217.497,258.146,0,True
"scaling-multipleinsertstatements-workers-4","e0d9785371713fd13ea2de2b3471eb7c806fad3e","2026-09-04T16:58:45.5761220+00:00",Queue,MultipleInsertStatements,Native,Channel,4,2,50,5,2000,200,1,1,1,0,0,0,0.000,0,0,Uniform,10000,0.970132,10307.876,10307.876,103.476,261.875,321.566,103.563,261.909,321.684,0,True
"scaling-multirowvalues-workers-1","e0d9785371713fd13ea2de2b3471eb7c806fad3e","2026-09-04T16:59:53.6465667+00:00",Queue,MultiRowValues,Native,Channel,1,2,100,5,2000,400,1,1,1,0,0,0,0.000,0,0,Uniform,10000,1.195824,8362.435,8362.435,75.021,193.273,223.154,75.119,193.302,223.176,0,True
"scaling-multirowvalues-workers-2","e0d9785371713fd13ea2de2b3471eb7c806fad3e","2026-09-04T17:00:05.5146084+00:00",Queue,MultiRowValues,Native,Channel,2,2,100,5,2000,400,1,1,1,0,0,0,0.000,0,0,Uniform,10000,0.740462,13505.082,13505.082,79.108,226.052,249.211,79.214,226.459,249.304,0,True
"scaling-multirowvalues-workers-4","e0d9785371713fd13ea2de2b3471eb7c806fad3e","2026-09-04T16:59:50.5577750+00:00",Queue,MultiRowValues,Native,Channel,4,2,100,5,2000,400,1,1,1,0,0,0,0.000,0,0,Uniform,10000,0.851501,11743.970,11743.970,184.991,390.940,431.334,185.892,391.156,431.379,0,True
"scaling-tablevaluedparameter-workers-1","e0d9785371713fd13ea2de2b3471eb7c806fad3e","2026-09-04T16:59:35.5259173+00:00",Queue,TableValuedParameter,Native,Channel,1,2,500,5,4000,1000,1,1,1,0,0,0,0.000,0,0,Uniform,10000,0.839660,11909.585,11909.585,112.111,251.218,274.925,115.760,254.184,275.136,0,True
"scaling-tablevaluedparameter-workers-2","e0d9785371713fd13ea2de2b3471eb7c806fad3e","2026-09-04T16:59:09.0413484+00:00",Queue,TableValuedParameter,Native,Channel,2,2,500,5,4000,1000,1,1,1,0,0,0,0.000,0,0,Uniform,10000,5.365656,1863.705,1863.705,1648.977,3033.936,3079.227,1651.736,3034.505,3079.302,0,True
"scaling-tablevaluedparameter-workers-4","e0d9785371713fd13ea2de2b3471eb7c806fad3e","2026-09-04T17:00:07.2616079+00:00",Queue,TableValuedParameter,Native,Channel,4,2,500,5,4000,1000,1,1,1,0,0,0,0.000,0,0,Uniform,10000,1.216964,8217.173,8217.173,707.206,1096.758,1104.183,709.541,1098.863,1104.761,0,True
"control-noop-queue","2f0f925288231cbd8d721a085d637ebdc35d096b","2026-09-04T20:15:44.5411650+00:00",NoOpQueue,BulkCopy,Native,Channel,4,4,1000,1,16000,4000,1,1,1,0,0,0,0.000,0,0,Uniform,250000,6.064488,0.000,41223.598,0.005,0.024,0.282,0.011,0.046,0.303,0,True
"confirmed-table-valued-parameter","2f0f925288231cbd8d721a085d637ebdc35d096b","2026-09-04T20:18:24.6754044+00:00",Queue,TableValuedParameter,Native,Channel,1,2,5000,5,10000,20000,1,1,1,0,0,0,0.000,0,0,Uniform,750000,42.591213,17609.266,17609.266,187.105,2115.456,2269.222,196.838,2150.878,2285.307,0,True
"confirmed-table-valued-parameter","2f0f925288231cbd8d721a085d637ebdc35d096b","2026-09-04T20:19:14.6018927+00:00",Queue,TableValuedParameter,Native,Channel,1,2,5000,5,10000,20000,1,1,1,0,0,0,0.000,0,0,Uniform,750000,26.987952,27790.179,27790.179,118.037,208.038,256.826,128.948,219.048,290.848,0,True
"confirmed-table-valued-parameter","2f0f925288231cbd8d721a085d637ebdc35d096b","2026-09-04T20:20:14.7683592+00:00",Queue,TableValuedParameter,Native,Channel,1,2,5000,5,10000,20000,1,1,1,0,0,0,0.000,0,0,Uniform,750000,32.882859,22808.236,22808.236,152.273,1698.292,2195.974,163.597,1730.164,2226.768,0,True
"sqlbatch-command-cap-individual-1","31f7deca527cbd5e03b2c74ee16bdab835f1ea42","2026-09-05T00:02:51.8762342+00:00",Queue,Individual,SqlBatch,None,1,8,1,5,1000,250,1,1,1,2000,2000,1.000,1.000,1,1,Uniform,2000,12.547456,159.395,159.395,376.892,539.800,571.057,376.912,539.835,571.085,0,True
"sqlbatch-command-cap-individual-2","31f7deca527cbd5e03b2c74ee16bdab835f1ea42","2026-09-05T00:02:06.8275755+00:00",Queue,Individual,SqlBatch,None,1,8,1,5,1000,250,2,1,1,1000,2000,2.000,2.000,2,2,Uniform,2000,12.491544,160.108,160.108,377.735,526.680,556.088,377.748,526.739,556.161,0,True
"sqlbatch-command-cap-individual-4","31f7deca527cbd5e03b2c74ee16bdab835f1ea42","2026-09-05T00:01:31.8955246+00:00",Queue,Individual,SqlBatch,None,1,8,1,5,1000,250,4,1,1,500,2000,4.000,4.000,4,4,Uniform,2000,19.970162,100.149,100.149,386.473,3287.186,3573.368,386.524,3287.222,3573.385,0,True
"sqlbatch-command-cap-multipleinsertstatements-1","31f7deca527cbd5e03b2c74ee16bdab835f1ea42","2026-09-05T00:02:16.8557427+00:00",Queue,MultipleInsertStatements,SqlBatch,Channel,1,8,50,5,2000,400,1,1,1,400,400,50.000,1.000,1,1,Uniform,20000,5.646583,3541.965,3541.965,643.414,948.794,1104.251,643.626,949.158,1104.352,0,True
"sqlbatch-command-cap-multipleinsertstatements-2","31f7deca527cbd5e03b2c74ee16bdab835f1ea42","2026-09-05T00:02:31.8948080+00:00",Queue,MultipleInsertStatements,SqlBatch,Channel,1,8,50,5,2000,400,2,1,1,200,400,100.000,2.000,2,2,Uniform,20000,5.414573,3693.736,3693.736,597.877,810.514,1000.139,598.307,810.861,1001.424,0,True
"sqlbatch-command-cap-multipleinsertstatements-4","31f7deca527cbd5e03b2c74ee16bdab835f1ea42","2026-09-05T00:01:07.0040916+00:00",Queue,MultipleInsertStatements,SqlBatch,Channel,1,8,50,5,2000,400,4,1,1,100,400,200.000,4.000,4,4,Uniform,20000,5.013076,3989.567,3989.567,586.463,761.973,949.861,586.638,763.704,950.749,0,True
"sqlbatch-command-cap-multirowvalues-1","31f7deca527cbd5e03b2c74ee16bdab835f1ea42","2026-09-05T00:03:11.8573842+00:00",Queue,MultiRowValues,SqlBatch,Channel,1,8,100,5,2000,800,1,1,1,200,200,100.000,1.000,1,1,Uniform,20000,4.107244,4869.446,4869.446,546.281,675.527,722.819,546.542,675.920,723.061,0,True
"sqlbatch-command-cap-multirowvalues-2","31f7deca527cbd5e03b2c74ee16bdab835f1ea42","2026-09-05T00:03:16.5614737+00:00",Queue,MultiRowValues,SqlBatch,Channel,1,8,100,5,2000,800,2,1,1,100,200,200.000,2.000,2,2,Uniform,20000,3.817680,5238.784,5238.784,495.051,588.523,653.774,495.480,589.216,654.556,0,True
"sqlbatch-command-cap-multirowvalues-4","31f7deca527cbd5e03b2c74ee16bdab835f1ea42","2026-09-05T00:03:01.8592321+00:00",Queue,MultiRowValues,SqlBatch,Channel,1,8,100,5,2000,800,4,1,1,50,200,400.000,4.000,4,4,Uniform,20000,4.330720,4618.170,4618.170,602.361,693.809,726.333,604.789,694.402,728.047,0,True
"sqlbatch-command-cap-tablevaluedparameter-1","31f7deca527cbd5e03b2c74ee16bdab835f1ea42","2026-09-05T00:02:19.5535528+00:00",Queue,TableValuedParameter,SqlBatch,Channel,1,8,500,5,4000,2000,1,1,1,43,43,465.116,1.000,1,1,Uniform,20000,1.922002,10405.814,10405.814,620.162,706.134,739.383,623.144,707.669,744.563,0,True
"sqlbatch-command-cap-tablevaluedparameter-2","31f7deca527cbd5e03b2c74ee16bdab835f1ea42","2026-09-05T00:01:46.8832098+00:00",Queue,TableValuedParameter,SqlBatch,Channel,1,8,500,5,4000,2000,2,1,1,22,44,909.091,2.000,2,2,Uniform,20000,9.072733,2204.407,2204.407,727.286,7919.242,7935.268,737.458,7925.028,7938.629,0,True
"sqlbatch-command-cap-tablevaluedparameter-4","31f7deca527cbd5e03b2c74ee16bdab835f1ea42","2026-09-05T00:03:26.8693523+00:00",Queue,TableValuedParameter,SqlBatch,Channel,1,8,500,5,4000,2000,4,1,1,11,44,1818.182,4.000,4,4,Uniform,20000,1.695334,11797.084,11797.084,479.877,725.127,731.468,497.469,731.795,737.326,0,True
"sqlbatch-control-individual-native","31f7deca527cbd5e03b2c74ee16bdab835f1ea42","2026-09-04T23:56:21.7655251+00:00",Queue,Individual,Native,None,1,1,1,5,1000,250,1,1,1,2000,2000,1.000,1.000,1,1,Uniform,2000,15.080726,132.620,132.620,6.504,12.348,14.122,6.527,12.374,14.146,0,True
"sqlbatch-control-individual-sqlbatch","31f7deca527cbd5e03b2c74ee16bdab835f1ea42","2026-09-04T23:57:06.7175225+00:00",Queue,Individual,SqlBatch,None,1,1,1,5,1000,250,1,1,1,2000,2000,1.000,1.000,1,1,Uniform,2000,18.241960,109.637,109.637,6.253,10.193,163.571,6.265,10.226,163.615,0,True
"sqlbatch-control-multipleinsertstatements-native","31f7deca527cbd5e03b2c74ee16bdab835f1ea42","2026-09-04T23:55:26.7149733+00:00",Queue,MultipleInsertStatements,Native,Channel,1,1,50,5,2000,400,1,1,1,400,400,50.000,1.000,1,1,Uniform,20000,5.832021,3429.343,3429.343,105.423,172.554,244.037,105.515,173.616,244.097,0,True
"sqlbatch-control-multipleinsertstatements-sqlbatch","31f7deca527cbd5e03b2c74ee16bdab835f1ea42","2026-09-04T23:55:13.2579774+00:00",Queue,MultipleInsertStatements,SqlBatch,Channel,1,1,50,5,2000,400,1,1,1,400,400,50.000,1.000,1,1,Uniform,20000,5.679788,3521.258,3521.258,103.541,159.199,211.888,103.618,159.252,211.918,0,True
"sqlbatch-control-multirowvalues-native","31f7deca527cbd5e03b2c74ee16bdab835f1ea42","2026-09-04T23:55:41.6656220+00:00",Queue,MultiRowValues,Native,Channel,1,1,100,5,2000,800,1,1,1,200,200,100.000,1.000,1,1,Uniform,20000,5.024444,3980.540,3980.540,190.361,224.560,381.176,190.410,224.667,381.255,0,True
"sqlbatch-control-multirowvalues-sqlbatch","31f7deca527cbd5e03b2c74ee16bdab835f1ea42","2026-09-04T23:55:56.7208235+00:00",Queue,MultiRowValues,SqlBatch,Channel,1,1,100,5,2000,800,1,1,1,200,200,100.000,1.000,1,1,Uniform,20000,4.338179,4610.229,4610.229,169.881,215.431,293.695,169.951,215.610,293.729,0,True
"sqlbatch-control-noop-individual","31f7deca527cbd5e03b2c74ee16bdab835f1ea42","2026-09-04T23:55:01.0025322+00:00",NoOpQueue,BulkCopy,Native,None,1,4,1,5,1000,250,1,1,1,0,0,0,0.000,0,0,Uniform,200000,4.831537,0.000,41394.691,0.000,0.001,0.002,0.004,0.014,0.982,0,True
"sqlbatch-control-noop-multi-row-values","31f7deca527cbd5e03b2c74ee16bdab835f1ea42","2026-09-04T23:54:03.1600946+00:00",NoOpQueue,BulkCopy,Native,Channel,1,8,100,5,2000,800,1,1,1,0,0,0,0.000,0,0,Uniform,200000,5.369324,0.000,37248.640,2.233,4.126,4.791,2.411,4.473,5.712,0,True
"sqlbatch-control-noop-multi-row-values-w4","31f7deca527cbd5e03b2c74ee16bdab835f1ea42","2026-09-04T23:54:49.5196143+00:00",NoOpQueue,BulkCopy,Native,Channel,1,4,100,5,2000,800,1,1,1,0,0,0,0.000,0,0,Uniform,200000,6.289639,0.000,31798.327,2.179,4.134,4.825,2.345,4.387,6.560,0,True
"sqlbatch-control-noop-multiple-statements","31f7deca527cbd5e03b2c74ee16bdab835f1ea42","2026-09-04T23:54:36.6566438+00:00",NoOpQueue,BulkCopy,Native,Channel,1,8,50,5,2000,400,1,1,1,0,0,0,0.000,0,0,Uniform,200000,6.667421,0.000,29996.604,2.270,4.246,5.315,2.370,4.431,7.048,0,True
"sqlbatch-control-noop-multiple-statements-w4","31f7deca527cbd5e03b2c74ee16bdab835f1ea42","2026-09-04T23:53:52.9694888+00:00",NoOpQueue,BulkCopy,Native,Channel,1,4,50,5,2000,400,1,1,1,0,0,0,0.000,0,0,Uniform,200000,5.036668,0.000,39708.792,1.655,3.896,4.412,1.694,3.996,4.853,0,True
"sqlbatch-control-noop-tvp","31f7deca527cbd5e03b2c74ee16bdab835f1ea42","2026-09-04T23:54:15.5698925+00:00",NoOpQueue,BulkCopy,Native,Channel,1,4,500,5,4000,2000,1,1,1,0,0,0,0.000,0,0,Uniform,200000,5.945063,0.000,33641.361,2.277,4.284,5.745,2.626,4.833,18.905,0,True
"sqlbatch-control-tablevaluedparameter-native","31f7deca527cbd5e03b2c74ee16bdab835f1ea42","2026-09-04T23:57:10.3591506+00:00",Queue,TableValuedParameter,Native,Channel,1,1,500,5,4000,2000,1,1,1,41,41,487.805,1.000,1,1,Uniform,20000,2.104600,9502.992,9502.992,169.779,245.805,287.705,171.248,247.895,297.480,0,True
"sqlbatch-control-tablevaluedparameter-sqlbatch","31f7deca527cbd5e03b2c74ee16bdab835f1ea42","2026-09-04T23:57:13.8849603+00:00",Queue,TableValuedParameter,SqlBatch,Channel,1,1,500,5,4000,2000,1,1,1,41,41,487.805,1.000,1,1,Uniform,20000,1.955240,10228.921,10228.921,154.499,285.182,330.762,156.163,288.048,331.224,0,True
"sqlbatch-delay-individual-20","31f7deca527cbd5e03b2c74ee16bdab835f1ea42","2026-09-05T00:07:46.8615220+00:00",Queue,Individual,SqlBatch,None,1,4,1,5,1000,250,4,20,1,500,2000,4.000,4.000,4,4,Uniform,2000,11.304575,176.920,176.920,85.265,130.389,148.106,85.271,130.418,148.146,0,True
"sqlbatch-delay-individual-5","31f7deca527cbd5e03b2c74ee16bdab835f1ea42","2026-09-05T00:07:16.9376706+00:00",Queue,Individual,SqlBatch,None,1,4,1,5,1000,250,4,5,1,500,2000,4.000,4.000,4,4,Uniform,2000,11.072020,180.636,180.636,84.650,118.255,132.169,84.687,118.281,132.225,0,True
"sqlbatch-delay-multipleinsertstatements-20","31f7deca527cbd5e03b2c74ee16bdab835f1ea42","2026-09-05T00:07:26.8938511+00:00",Queue,MultipleInsertStatements,SqlBatch,Channel,1,4,50,5,2000,400,4,20,1,100,400,200.000,4.000,4,4,Uniform,20000,5.518076,3624.452,3624.452,407.045,597.630,623.057,407.450,597.890,623.116,0,True
"sqlbatch-delay-multipleinsertstatements-5","31f7deca527cbd5e03b2c74ee16bdab835f1ea42","2026-09-05T00:06:56.9313285+00:00",Queue,MultipleInsertStatements,SqlBatch,Channel,1,4,50,5,2000,400,4,5,1,100,400,200.000,4.000,4,4,Uniform,20000,16.781615,1191.780,1191.780,418.180,4583.096,5473.996,418.294,4584.071,5474.049,0,True
"sqlbatch-direct-individual-native","31f7deca527cbd5e03b2c74ee16bdab835f1ea42","2026-09-05T00:10:40.9715534+00:00",DirectDatabase,Individual,Native,None,1,4,1,5,1000,250,1,1,1,2000,2000,1.000,1.000,1,1,Uniform,2000,3.938270,507.837,0.000,7.616,11.076,15.505,0.000,0.000,0.000,0,True
"sqlbatch-direct-individual-sqlbatch","31f7deca527cbd5e03b2c74ee16bdab835f1ea42","2026-09-05T00:11:08.7437294+00:00",DirectDatabase,Individual,SqlBatch,None,1,4,1,5,1000,250,4,1,1,1000,2000,2.000,2.000,2,2,Uniform,2000,14.000608,142.851,0.000,28.552,39.444,41.527,0.000,0.000,0.000,0,True
"sqlbatch-direct-multipleinsertstatements-native","31f7deca527cbd5e03b2c74ee16bdab835f1ea42","2026-09-05T00:10:48.6260069+00:00",DirectDatabase,MultipleInsertStatements,Native,Channel,1,4,50,5,2000,400,1,1,1,400,400,50.000,1.000,1,1,Uniform,20000,1.219306,16402.772,0.000,11.677,16.579,19.318,0.000,0.000,0.000,0,True
"sqlbatch-direct-multipleinsertstatements-sqlbatch","31f7deca527cbd5e03b2c74ee16bdab835f1ea42","2026-09-05T00:10:45.8349763+00:00",DirectDatabase,MultipleInsertStatements,SqlBatch,Channel,1,4,50,5,2000,400,4,1,1,200,400,100.000,2.000,3,3,Uniform,20000,4.642773,4307.770,0.000,43.410,72.366,81.981,0.000,0.000,0.000,0,True
"sqlbatch-direct-multirowvalues-native","31f7deca527cbd5e03b2c74ee16bdab835f1ea42","2026-09-05T00:10:49.7062261+00:00",DirectDatabase,MultiRowValues,Native,Channel,1,4,100,5,2000,800,1,1,1,200,200,100.000,1.000,1,1,Uniform,20000,0.920727,21721.975,0.000,18.927,24.107,29.694,0.000,0.000,0.000,0,True
"sqlbatch-direct-multirowvalues-sqlbatch","31f7deca527cbd5e03b2c74ee16bdab835f1ea42","2026-09-05T00:11:12.8022175+00:00",DirectDatabase,MultiRowValues,SqlBatch,Channel,1,4,100,5,2000,800,4,1,1,100,200,200.000,2.000,3,3,Uniform,20000,3.716750,5381.045,0.000,77.827,89.758,105.203,0.000,0.000,0.000,0,True
"sqlbatch-direct-tablevaluedparameter-native","31f7deca527cbd5e03b2c74ee16bdab835f1ea42","2026-09-05T00:10:51.4785602+00:00",DirectDatabase,TableValuedParameter,Native,Channel,1,4,500,5,4000,2000,1,1,1,40,40,500.000,1.000,1,1,Uniform,20000,1.537876,13004.946,0.000,137.355,313.371,440.551,0.000,0.000,0.000,0,True
"sqlbatch-direct-tablevaluedparameter-sqlbatch","31f7deca527cbd5e03b2c74ee16bdab835f1ea42","2026-09-05T00:10:47.2413643+00:00",DirectDatabase,TableValuedParameter,SqlBatch,Channel,1,4,500,5,4000,2000,4,1,1,20,40,1000.000,2.000,3,3,Uniform,20000,1.187113,16847.594,0.000,109.151,159.103,159.118,0.000,0.000,0.000,0,True
"sqlbatch-distribution-individual-native-hotparent","31f7deca527cbd5e03b2c74ee16bdab835f1ea42","2026-09-05T00:08:34.0195283+00:00",Queue,Individual,Native,None,1,4,1,5,1000,250,1,1,1,2000,2000,1.000,1.000,1,1,HotParent,2000,1.593144,1255.380,1255.380,7.285,9.015,164.649,7.305,9.038,164.678,0,True
"sqlbatch-distribution-individual-native-moderateskew","31f7deca527cbd5e03b2c74ee16bdab835f1ea42","2026-09-05T00:08:16.4716614+00:00",Queue,Individual,Native,None,1,4,1,5,1000,250,1,1,1,2000,2000,1.000,1.000,1,1,ModerateSkew,2000,1.634850,1223.354,1223.354,7.273,9.736,16.517,7.297,9.768,16.529,0,True
"sqlbatch-distribution-individual-sqlbatch-hotparent","31f7deca527cbd5e03b2c74ee16bdab835f1ea42","2026-09-05T00:08:11.9101571+00:00",Queue,Individual,SqlBatch,None,1,4,1,5,1000,250,4,1,1,500,2000,4.000,4.000,4,4,HotParent,2000,11.253138,177.728,177.728,85.184,124.688,133.931,85.212,124.765,134.000,0,True
"sqlbatch-distribution-individual-sqlbatch-moderateskew","31f7deca527cbd5e03b2c74ee16bdab835f1ea42","2026-09-05T00:08:31.9358884+00:00",Queue,Individual,SqlBatch,None,1,4,1,5,1000,250,4,1,1,500,2000,4.000,4.000,4,4,ModerateSkew,2000,11.803268,169.445,169.445,90.994,130.681,145.405,91.054,130.704,145.446,0,True
"sqlbatch-distribution-multipleinsertstatements-native-hotparent","31f7deca527cbd5e03b2c74ee16bdab835f1ea42","2026-09-05T00:08:14.3908475+00:00",Queue,MultipleInsertStatements,Native,Channel,1,4,50,5,2000,400,1,1,1,401,401,49.875,1.000,1,1,HotParent,20000,1.769797,11300.729,11300.729,118.662,239.298,314.057,118.736,239.418,314.083,0,True
"sqlbatch-distribution-multipleinsertstatements-native-moderateskew","31f7deca527cbd5e03b2c74ee16bdab835f1ea42","2026-09-05T00:09:11.9699057+00:00",Queue,MultipleInsertStatements,Native,Channel,1,4,50,5,2000,400,1,1,1,400,400,50.000,1.000,1,1,ModerateSkew,20000,8.671263,2306.469,2306.469,114.707,2890.522,3130.562,114.745,2890.546,3130.762,0,True
"sqlbatch-distribution-multipleinsertstatements-sqlbatch-hotparent","31f7deca527cbd5e03b2c74ee16bdab835f1ea42","2026-09-05T00:07:56.9054246+00:00",Queue,MultipleInsertStatements,SqlBatch,Channel,1,4,50,5,2000,400,4,1,1,196,400,102.041,2.041,3,4,HotParent,20000,5.380677,3717.005,3717.005,421.175,503.046,521.955,421.369,503.147,522.049,0,True
"sqlbatch-distribution-multipleinsertstatements-sqlbatch-moderateskew","31f7deca527cbd5e03b2c74ee16bdab835f1ea42","2026-09-05T00:09:46.8578875+00:00",Queue,MultipleInsertStatements,SqlBatch,Channel,1,4,50,5,2000,400,4,1,1,196,400,102.041,2.041,3,4,ModerateSkew,20000,4.921893,4063.477,4063.477,350.445,526.161,602.073,350.582,526.358,602.101,0,True
"sqlbatch-distribution-multirowvalues-native-hotparent","31f7deca527cbd5e03b2c74ee16bdab835f1ea42","2026-09-05T00:09:36.9482404+00:00",Queue,MultiRowValues,Native,Channel,1,4,100,5,2000,800,1,1,1,200,200,100.000,1.000,1,1,HotParent,20000,1.415023,14134.042,14134.042,139.037,347.599,389.748,139.506,347.798,390.223,0,True
"sqlbatch-distribution-multirowvalues-native-moderateskew","31f7deca527cbd5e03b2c74ee16bdab835f1ea42","2026-09-05T00:08:41.8567563+00:00",Queue,MultiRowValues,Native,Channel,1,4,100,5,2000,800,1,1,1,200,200,100.000,1.000,1,1,ModerateSkew,20000,7.015685,2850.755,2850.755,733.439,1075.514,1246.140,733.614,1075.971,1248.318,0,True
"sqlbatch-distribution-multirowvalues-sqlbatch-hotparent","31f7deca527cbd5e03b2c74ee16bdab835f1ea42","2026-09-05T00:09:26.9078376+00:00",Queue,MultiRowValues,SqlBatch,Channel,1,4,100,5,2000,800,4,1,1,93,200,215.054,2.151,4,4,HotParent,20000,3.986583,5016.828,5016.828,439.666,631.562,800.917,440.118,632.552,802.203,0,True
"sqlbatch-distribution-multirowvalues-sqlbatch-moderateskew","31f7deca527cbd5e03b2c74ee16bdab835f1ea42","2026-09-05T00:08:57.1619777+00:00",Queue,MultiRowValues,SqlBatch,Channel,1,4,100,5,2000,800,4,1,1,90,200,222.222,2.222,4,4,ModerateSkew,20000,8.509520,2350.309,2350.309,524.442,3738.505,4265.550,524.647,3739.521,4266.061,0,True
"sqlbatch-distribution-tablevaluedparameter-native-hotparent","31f7deca527cbd5e03b2c74ee16bdab835f1ea42","2026-09-05T00:09:30.8798059+00:00",Queue,TableValuedParameter,Native,Channel,1,4,500,5,4000,2000,1,1,1,41,41,487.805,1.000,1,1,HotParent,20000,1.587036,12602.111,12602.111,380.190,644.580,665.037,380.481,647.924,666.175,0,True
"sqlbatch-distribution-tablevaluedparameter-native-moderateskew","31f7deca527cbd5e03b2c74ee16bdab835f1ea42","2026-09-05T00:09:17.3789524+00:00",Queue,TableValuedParameter,Native,Channel,1,4,500,5,4000,2000,1,1,1,47,47,425.532,1.000,1,1,ModerateSkew,20000,2.006368,9968.260,9968.260,339.853,586.948,737.854,346.532,587.125,739.144,0,True
"sqlbatch-distribution-tablevaluedparameter-sqlbatch-hotparent","31f7deca527cbd5e03b2c74ee16bdab835f1ea42","2026-09-05T00:09:49.3712282+00:00",Queue,TableValuedParameter,SqlBatch,Channel,1,4,500,5,4000,2000,4,1,1,19,43,1052.632,2.263,4,4,HotParent,20000,1.626109,12299.302,12299.302,379.257,530.070,571.644,384.916,541.298,572.323,0,True
"sqlbatch-distribution-tablevaluedparameter-sqlbatch-moderateskew","31f7deca527cbd5e03b2c74ee16bdab835f1ea42","2026-09-05T00:09:14.3266190+00:00",Queue,TableValuedParameter,SqlBatch,Channel,1,4,500,5,4000,2000,4,1,1,18,40,1111.111,2.222,4,4,ModerateSkew,20000,1.554183,12868.493,12868.493,343.594,541.526,557.991,356.394,567.059,579.216,0,True
"sqlbatch-instances-individual-native-2","31f7deca527cbd5e03b2c74ee16bdab835f1ea42","2026-09-05T00:10:33.7718429+00:00",Queue,Individual,Native,None,2,4,1,5,1000,250,1,1,1,2000,2000,1.000,1.000,1,1,Uniform,2000,1.321605,1513.311,1513.311,7.278,13.411,541.441,7.313,13.434,541.462,0,True
"sqlbatch-instances-individual-native-4","31f7deca527cbd5e03b2c74ee16bdab835f1ea42","2026-09-05T00:10:35.9036321+00:00",Queue,Individual,Native,None,4,4,1,5,1000,250,1,1,1,2000,2000,1.000,1.000,1,1,Uniform,2000,1.652353,1210.395,1210.395,8.753,58.092,541.047,8.846,58.529,541.154,0,True
"sqlbatch-instances-individual-sqlbatch-2","31f7deca527cbd5e03b2c74ee16bdab835f1ea42","2026-09-05T00:10:31.9615232+00:00",Queue,Individual,SqlBatch,None,2,4,1,5,1000,250,4,1,1,500,2000,4.000,4.000,4,4,Uniform,2000,9.769893,204.711,204.711,141.272,239.615,277.236,141.290,239.672,277.248,0,True
"sqlbatch-instances-individual-sqlbatch-4","31f7deca527cbd5e03b2c74ee16bdab835f1ea42","2026-09-05T00:10:06.8841334+00:00",Queue,Individual,SqlBatch,None,4,4,1,5,1000,250,4,1,1,529,2000,3.781,3.781,4,4,Uniform,2000,4.702244,425.329,425.329,56.333,99.334,227.411,56.370,99.378,227.513,0,True
"sqlbatch-instances-multipleinsertstatements-native-2","31f7deca527cbd5e03b2c74ee16bdab835f1ea42","2026-09-05T00:09:51.7680740+00:00",Queue,MultipleInsertStatements,Native,Channel,2,4,50,5,2000,400,1,1,1,400,400,50.000,1.000,1,1,Uniform,20000,1.557052,12844.783,12844.783,194.872,352.508,378.117,194.953,352.530,378.292,0,True
"sqlbatch-instances-multipleinsertstatements-native-4","31f7deca527cbd5e03b2c74ee16bdab835f1ea42","2026-09-05T00:09:54.7434906+00:00",Queue,MultipleInsertStatements,Native,Channel,4,4,50,5,2000,400,1,1,1,401,401,49.875,1.000,1,1,Uniform,20000,2.261077,8845.342,8845.342,629.292,811.714,878.518,629.433,811.795,878.567,0,True
"sqlbatch-instances-multipleinsertstatements-sqlbatch-2","31f7deca527cbd5e03b2c74ee16bdab835f1ea42","2026-09-05T00:10:16.9497890+00:00",Queue,MultipleInsertStatements,SqlBatch,Channel,2,4,50,5,2000,400,4,1,1,191,400,104.712,2.094,3,4,Uniform,20000,3.356808,5958.042,5958.042,511.554,638.417,657.574,511.653,638.531,657.629,0,True
"sqlbatch-instances-multipleinsertstatements-sqlbatch-4","31f7deca527cbd5e03b2c74ee16bdab835f1ea42","2026-09-05T00:10:19.6099396+00:00",Queue,MultipleInsertStatements,SqlBatch,Channel,4,4,50,5,2000,400,4,1,1,184,403,108.696,2.190,4,4,Uniform,20000,1.990374,10048.361,10048.361,533.818,676.294,843.761,534.015,676.737,843.816,0,True
"sqlbatch-lanes-individual-w4-c1-r4","31f7deca527cbd5e03b2c74ee16bdab835f1ea42","2026-09-05T00:03:33.0263944+00:00",Queue,Individual,SqlBatch,None,1,4,1,5,1000,250,1,1,4,2000,2000,1.000,1.000,1,1,Uniform,2000,4.109393,486.690,486.690,30.692,38.681,55.962,30.712,38.759,55.974,0,True
"sqlbatch-lanes-individual-w4-c2-r2","31f7deca527cbd5e03b2c74ee16bdab835f1ea42","2026-09-05T00:05:21.8825864+00:00",Queue,Individual,SqlBatch,None,1,4,1,5,1000,250,2,1,2,1000,2000,2.000,2.000,2,2,Uniform,2000,6.314760,316.718,316.718,43.123,78.110,111.982,43.166,78.126,112.004,0,True
"sqlbatch-lanes-individual-w8-c1-r8","31f7deca527cbd5e03b2c74ee16bdab835f1ea42","2026-09-05T00:06:00.9922290+00:00",Queue,Individual,SqlBatch,None,1,8,1,5,1000,250,1,1,8,2000,2000,1.000,1.000,1,1,Uniform,2000,2.397037,834.363,834.363,64.491,106.403,306.928,64.538,106.417,306.954,0,True
"sqlbatch-lanes-individual-w8-c2-r4","31f7deca527cbd5e03b2c74ee16bdab835f1ea42","2026-09-05T00:05:06.8871870+00:00",Queue,Individual,SqlBatch,None,1,8,1,5,1000,250,2,1,4,1001,2000,1.998,1.998,2,2,Uniform,2000,4.225509,473.316,473.316,126.896,165.218,317.017,126.911,165.271,317.036,0,True
"sqlbatch-lanes-individual-w8-c4-r2","31f7deca527cbd5e03b2c74ee16bdab835f1ea42","2026-09-05T00:05:46.8667618+00:00",Queue,Individual,SqlBatch,None,1,8,1,5,1000,250,4,1,2,500,2000,4.000,4.000,4,4,Uniform,2000,7.428354,269.239,269.239,234.748,290.520,416.791,234.762,290.561,416.877,0,True
"sqlbatch-lanes-multipleinsertstatements-w4-c1-r4","31f7deca527cbd5e03b2c74ee16bdab835f1ea42","2026-09-05T00:04:54.9355749+00:00",Queue,MultipleInsertStatements,SqlBatch,Channel,1,4,50,5,2000,400,1,1,4,400,400,50.000,1.000,1,1,Uniform,20000,1.737200,11512.781,11512.781,107.657,294.320,354.588,107.740,294.379,354.668,0,True
"sqlbatch-lanes-multipleinsertstatements-w4-c2-r2","31f7deca527cbd5e03b2c74ee16bdab835f1ea42","2026-09-05T00:04:51.8166381+00:00",Queue,MultipleInsertStatements,SqlBatch,Channel,1,4,50,5,2000,400,2,1,2,313,400,63.898,1.278,2,2,Uniform,20000,3.007738,6649.516,6649.516,201.771,347.076,471.629,201.865,347.114,471.655,0,True
"sqlbatch-lanes-multipleinsertstatements-w8-c1-r8","31f7deca527cbd5e03b2c74ee16bdab835f1ea42","2026-09-05T00:06:14.9646936+00:00",Queue,MultipleInsertStatements,SqlBatch,Channel,1,8,50,5,2000,400,1,1,8,401,401,49.875,1.000,1,1,Uniform,20000,1.543786,12955.165,12955.165,148.840,337.938,366.069,149.306,337.980,366.239,0,True
"sqlbatch-lanes-multipleinsertstatements-w8-c2-r4","31f7deca527cbd5e03b2c74ee16bdab835f1ea42","2026-09-05T00:04:21.9019483+00:00",Queue,MultipleInsertStatements,SqlBatch,Channel,1,8,50,5,2000,400,2,1,4,222,401,90.090,1.806,2,2,Uniform,20000,1.765333,11329.309,11329.309,179.101,371.721,401.042,179.468,371.935,401.316,0,True
"sqlbatch-lanes-multipleinsertstatements-w8-c4-r2","31f7deca527cbd5e03b2c74ee16bdab835f1ea42","2026-09-05T00:04:36.9216878+00:00",Queue,MultipleInsertStatements,SqlBatch,Channel,1,8,50,5,2000,400,4,1,2,131,401,152.672,3.061,4,4,Uniform,20000,2.973175,6726.815,6726.815,337.518,473.480,523.233,338.084,473.870,524.306,0,True
"sqlbatch-lanes-multirowvalues-w4-c1-r4","31f7deca527cbd5e03b2c74ee16bdab835f1ea42","2026-09-05T00:04:39.6783166+00:00",Queue,MultiRowValues,SqlBatch,Channel,1,4,100,5,2000,800,1,1,4,200,200,100.000,1.000,1,1,Uniform,20000,1.323294,15113.799,15113.799,131.951,289.333,346.531,132.127,289.409,346.727,0,True
"sqlbatch-lanes-multirowvalues-w4-c2-r2","31f7deca527cbd5e03b2c74ee16bdab835f1ea42","2026-09-05T00:06:11.9044086+00:00",Queue,MultiRowValues,SqlBatch,Channel,1,4,100,5,2000,800,2,1,2,100,200,200.000,2.000,2,2,Uniform,20000,2.550992,7840.086,7840.086,280.159,427.008,465.109,280.448,427.257,465.350,0,True
"sqlbatch-lanes-multirowvalues-w8-c1-r8","31f7deca527cbd5e03b2c74ee16bdab835f1ea42","2026-09-05T00:05:24.8960114+00:00",Queue,MultiRowValues,SqlBatch,Channel,1,8,100,5,2000,800,1,1,8,200,200,100.000,1.000,1,1,Uniform,20000,1.247681,16029.738,16029.738,119.106,410.215,631.896,119.870,410.315,631.933,0,True
"sqlbatch-lanes-multirowvalues-w8-c2-r4","31f7deca527cbd5e03b2c74ee16bdab835f1ea42","2026-09-05T00:04:15.0553881+00:00",Queue,MultiRowValues,SqlBatch,Channel,1,8,100,5,2000,800,2,1,4,110,201,181.818,1.827,2,2,Uniform,20000,1.475601,13553.800,13553.800,170.558,358.633,405.702,171.005,358.978,406.428,0,True
"sqlbatch-lanes-multirowvalues-w8-c4-r2","31f7deca527cbd5e03b2c74ee16bdab835f1ea42","2026-09-05T00:04:25.5327536+00:00",Queue,MultiRowValues,SqlBatch,Channel,1,8,100,5,2000,800,4,1,2,54,201,370.370,3.722,4,4,Uniform,20000,2.135742,9364.426,9364.426,265.364,439.825,530.884,267.428,443.193,532.631,0,True
"sqlbatch-lanes-tablevaluedparameter-w4-c1-r4","31f7deca527cbd5e03b2c74ee16bdab835f1ea42","2026-09-05T00:05:56.8728562+00:00",Queue,TableValuedParameter,SqlBatch,Channel,1,4,500,5,4000,2000,1,1,4,44,44,454.545,1.000,1,1,Uniform,20000,1.503357,13303.563,13303.563,243.806,482.267,528.868,246.381,482.774,529.736,0,True
"sqlbatch-lanes-tablevaluedparameter-w4-c2-r2","31f7deca527cbd5e03b2c74ee16bdab835f1ea42","2026-09-05T00:05:50.3201115+00:00",Queue,TableValuedParameter,SqlBatch,Channel,1,4,500,5,4000,2000,2,1,2,31,41,645.161,1.323,2,2,Uniform,20000,1.909407,10474.459,10474.459,479.567,615.931,665.382,481.229,616.057,672.386,0,True
"sqlbatch-lanes-tablevaluedparameter-w8-c1-r8","31f7deca527cbd5e03b2c74ee16bdab835f1ea42","2026-09-05T00:06:31.9450286+00:00",Queue,TableValuedParameter,SqlBatch,Channel,1,8,500,5,4000,2000,1,1,8,45,45,444.444,1.000,1,1,Uniform,20000,11.419104,1751.451,1751.451,3421.969,7009.646,9399.309,3424.189,7009.724,9402.617,0,True
"sqlbatch-lanes-tablevaluedparameter-w8-c2-r4","31f7deca527cbd5e03b2c74ee16bdab835f1ea42","2026-09-05T00:04:11.8588190+00:00",Queue,TableValuedParameter,SqlBatch,Channel,1,8,500,5,4000,2000,2,1,4,27,43,740.741,1.593,2,2,Uniform,20000,9.152448,2185.208,2185.208,1048.816,8264.950,8330.483,1061.073,8269.583,8331.596,0,True
"sqlbatch-lanes-tablevaluedparameter-w8-c4-r2","31f7deca527cbd5e03b2c74ee16bdab835f1ea42","2026-09-05T00:03:52.0444131+00:00",Queue,TableValuedParameter,SqlBatch,Channel,1,8,500,5,4000,2000,4,1,2,15,47,1333.333,3.133,4,4,Uniform,20000,9.176282,2179.532,2179.532,3196.201,4508.582,4511.670,3199.198,4517.301,4520.162,0,True
"sqlbatch-writers-individual-native-2","31f7deca527cbd5e03b2c74ee16bdab835f1ea42","2026-09-05T00:00:55.1550334+00:00",Queue,Individual,Native,None,1,2,1,5,1000,250,1,1,1,2000,2000,1.000,1.000,1,1,Uniform,2000,4.060056,492.604,492.604,7.191,9.578,14.243,7.212,9.606,14.297,0,True
"sqlbatch-writers-individual-native-4","31f7deca527cbd5e03b2c74ee16bdab835f1ea42","2026-09-05T00:00:03.8918559+00:00",Queue,Individual,Native,None,1,4,1,5,1000,250,1,1,1,2000,2000,1.000,1.000,1,1,Uniform,2000,1.575571,1269.381,1269.381,7.268,9.069,21.921,7.302,9.095,21.976,0,True
"sqlbatch-writers-individual-native-8","31f7deca527cbd5e03b2c74ee16bdab835f1ea42","2026-09-05T00:00:27.0169632+00:00",Queue,Individual,Native,None,1,8,1,5,1000,250,1,1,1,2000,2000,1.000,1.000,1,1,Uniform,2000,1.750124,1142.776,1142.776,7.246,10.965,1286.373,7.267,10.979,1286.409,0,True
"sqlbatch-writers-individual-sqlbatch-2","31f7deca527cbd5e03b2c74ee16bdab835f1ea42","2026-09-04T23:57:41.7404588+00:00",Queue,Individual,SqlBatch,None,1,2,1,5,1000,250,2,1,1,1000,2000,2.000,2.000,2,2,Uniform,2000,12.014434,166.466,166.466,21.546,34.466,40.098,21.571,34.532,40.145,0,True
"sqlbatch-writers-individual-sqlbatch-4","31f7deca527cbd5e03b2c74ee16bdab835f1ea42","2026-09-04T23:59:21.7325974+00:00",Queue,Individual,SqlBatch,None,1,4,1,5,1000,250,4,1,1,500,2000,4.000,4.000,4,4,Uniform,2000,18.511114,108.043,108.043,96.944,129.760,2613.264,96.974,129.845,2613.361,0,True
"sqlbatch-writers-individual-sqlbatch-8","31f7deca527cbd5e03b2c74ee16bdab835f1ea42","2026-09-04T23:58:21.7159938+00:00",Queue,Individual,SqlBatch,None,1,8,1,5,1000,250,8,1,1,250,2000,8.000,8.000,8,8,Uniform,2000,10.796276,185.249,185.249,324.167,484.211,510.280,324.238,484.229,510.310,0,True
"sqlbatch-writers-multipleinsertstatements-native-2","31f7deca527cbd5e03b2c74ee16bdab835f1ea42","2026-09-05T00:00:16.8474228+00:00",Queue,MultipleInsertStatements,Native,Channel,1,2,50,5,2000,400,1,1,1,400,400,50.000,1.000,1,1,Uniform,20000,2.800922,7140.506,7140.506,96.724,146.683,259.337,96.794,146.781,259.377,0,True
"sqlbatch-writers-multipleinsertstatements-native-4","31f7deca527cbd5e03b2c74ee16bdab835f1ea42","2026-09-05T00:00:50.6669129+00:00",Queue,MultipleInsertStatements,Native,Channel,1,4,50,5,2000,400,1,1,1,400,400,50.000,1.000,1,1,Uniform,20000,1.735553,11523.705,11523.705,111.226,299.267,370.973,111.318,299.332,371.005,0,True
"sqlbatch-writers-multipleinsertstatements-native-8","31f7deca527cbd5e03b2c74ee16bdab835f1ea42","2026-09-04T23:57:44.1401668+00:00",Queue,MultipleInsertStatements,Native,Channel,1,8,50,5,2000,400,1,1,1,400,400,50.000,1.000,1,1,Uniform,20000,1.556290,12851.074,12851.074,148.950,328.004,355.828,149.216,328.268,356.580,0,True
"sqlbatch-writers-multipleinsertstatements-sqlbatch-2","31f7deca527cbd5e03b2c74ee16bdab835f1ea42","2026-09-04T23:59:46.8230748+00:00",Queue,MultipleInsertStatements,SqlBatch,Channel,1,2,50,5,2000,400,2,1,1,389,400,51.414,1.028,1,2,Uniform,20000,5.429621,3683.498,3683.498,190.595,290.132,367.205,190.670,290.149,367.237,0,True
"sqlbatch-writers-multipleinsertstatements-sqlbatch-4","31f7deca527cbd5e03b2c74ee16bdab835f1ea42","2026-09-04T23:58:41.8298960+00:00",Queue,MultipleInsertStatements,SqlBatch,Channel,1,4,50,5,2000,400,4,1,1,195,400,102.564,2.051,2,4,Uniform,20000,5.375096,3720.864,3720.864,406.495,529.158,605.445,406.569,529.223,605.638,0,True
"sqlbatch-writers-multipleinsertstatements-sqlbatch-8","31f7deca527cbd5e03b2c74ee16bdab835f1ea42","2026-09-05T00:00:01.8806465+00:00",Queue,MultipleInsertStatements,SqlBatch,Channel,1,8,50,5,2000,400,8,1,1,98,400,204.082,4.082,7,8,Uniform,20000,5.141471,3889.937,3889.937,559.614,877.060,976.655,560.255,877.460,977.326,0,True
"sqlbatch-writers-multirowvalues-native-2","31f7deca527cbd5e03b2c74ee16bdab835f1ea42","2026-09-04T23:59:31.2316698+00:00",Queue,MultiRowValues,Native,Channel,1,2,100,5,2000,800,1,1,1,200,200,100.000,1.000,1,1,Uniform,20000,2.195032,9111.482,9111.482,150.621,268.131,365.639,150.702,268.216,365.680,0,True
"sqlbatch-writers-multirowvalues-native-4","31f7deca527cbd5e03b2c74ee16bdab835f1ea42","2026-09-05T00:00:24.8286709+00:00",Queue,MultiRowValues,Native,Channel,1,4,100,5,2000,800,1,1,1,200,200,100.000,1.000,1,1,Uniform,20000,1.290052,15503.247,15503.247,123.426,335.620,364.797,123.712,335.932,365.084,0,True
"sqlbatch-writers-multirowvalues-native-8","31f7deca527cbd5e03b2c74ee16bdab835f1ea42","2026-09-05T00:00:05.9825169+00:00",Queue,MultiRowValues,Native,Channel,1,8,100,5,2000,800,1,1,1,202,202,99.010,1.000,1,1,Uniform,20000,1.224050,16339.195,16339.195,120.429,364.870,509.211,121.011,367.342,509.402,0,True
"sqlbatch-writers-multirowvalues-sqlbatch-2","31f7deca527cbd5e03b2c74ee16bdab835f1ea42","2026-09-05T00:00:22.6834527+00:00",Queue,MultiRowValues,SqlBatch,Channel,1,2,100,5,2000,800,2,1,1,195,200,102.564,1.026,1,2,Uniform,20000,4.281744,4670.994,4670.994,337.236,382.461,435.945,337.309,382.581,436.031,0,True
"sqlbatch-writers-multirowvalues-sqlbatch-4","31f7deca527cbd5e03b2c74ee16bdab835f1ea42","2026-09-04T23:57:50.0367834+00:00",Queue,MultiRowValues,SqlBatch,Channel,1,4,100,5,2000,800,4,1,1,96,200,208.333,2.083,3,4,Uniform,20000,4.492679,4451.687,4451.687,530.572,585.813,632.663,530.989,586.249,632.731,0,True
"sqlbatch-writers-multirowvalues-sqlbatch-8","31f7deca527cbd5e03b2c74ee16bdab835f1ea42","2026-09-04T23:59:28.2749512+00:00",Queue,MultiRowValues,SqlBatch,Channel,1,8,100,5,2000,800,8,1,1,44,200,454.545,4.545,8,8,Uniform,20000,4.489597,4454.743,4454.743,628.148,739.302,797.695,628.738,739.676,798.917,0,True
"sqlbatch-writers-tablevaluedparameter-native-2","31f7deca527cbd5e03b2c74ee16bdab835f1ea42","2026-09-05T00:00:29.4598098+00:00",Queue,TableValuedParameter,Native,Channel,1,2,500,5,4000,2000,1,1,1,41,41,487.805,1.000,1,1,Uniform,20000,1.561336,12809.544,12809.544,251.254,373.326,413.308,253.736,377.388,419.822,0,True
"sqlbatch-writers-tablevaluedparameter-native-4","31f7deca527cbd5e03b2c74ee16bdab835f1ea42","2026-09-05T00:00:39.3508002+00:00",Queue,TableValuedParameter,Native,Channel,1,4,500,5,4000,2000,1,1,1,44,44,454.545,1.000,1,1,Uniform,20000,1.562368,12801.083,12801.083,271.003,405.358,571.411,273.197,407.542,573.396,0,True
"sqlbatch-writers-tablevaluedparameter-native-8","31f7deca527cbd5e03b2c74ee16bdab835f1ea42","2026-09-04T23:58:25.9536725+00:00",Queue,TableValuedParameter,Native,Channel,1,8,500,5,4000,2000,1,1,1,52,52,384.615,1.000,1,1,Uniform,20000,1.767595,11314.807,11314.807,311.346,697.718,1197.308,313.684,697.807,1198.325,0,True
"sqlbatch-writers-tablevaluedparameter-sqlbatch-2","31f7deca527cbd5e03b2c74ee16bdab835f1ea42","2026-09-05T00:00:46.7843577+00:00",Queue,TableValuedParameter,SqlBatch,Channel,1,2,500,5,4000,2000,2,1,1,38,41,526.316,1.079,2,2,Uniform,20000,1.800609,11107.351,11107.351,268.436,429.320,478.542,270.711,429.709,481.680,0,True
"sqlbatch-writers-tablevaluedparameter-sqlbatch-4","31f7deca527cbd5e03b2c74ee16bdab835f1ea42","2026-09-04T23:59:50.0223310+00:00",Queue,TableValuedParameter,SqlBatch,Channel,1,4,500,5,4000,2000,4,1,1,19,41,1052.632,2.158,4,4,Uniform,20000,1.586729,12604.550,12604.550,346.399,499.286,527.782,347.599,512.364,529.190,0,True
"sqlbatch-writers-tablevaluedparameter-sqlbatch-8","31f7deca527cbd5e03b2c74ee16bdab835f1ea42","2026-09-05T00:00:36.8653899+00:00",Queue,TableValuedParameter,SqlBatch,Channel,1,8,500,5,4000,2000,8,1,1,8,45,2500.000,5.625,8,8,Uniform,20000,1.647965,12136.179,12136.179,468.604,610.798,626.577,476.430,630.422,658.939,0,True
"confirmed-sqlbatch-individual-native","31f7deca527cbd5e03b2c74ee16bdab835f1ea42","2026-09-05T00:21:19.9771878+00:00",Queue,Individual,Native,None,1,4,1,5,1000,250,1,1,1,50000,50000,1.000,1.000,1,1,Uniform,50000,37.498742,1333.378,1333.378,8.708,13.078,118.620,8.725,13.105,118.984,0,True
"confirmed-sqlbatch-individual-native","31f7deca527cbd5e03b2c74ee16bdab835f1ea42","2026-09-05T00:23:54.9711420+00:00",Queue,Individual,Native,None,1,4,1,5,1000,250,1,1,1,50000,50000,1.000,1.000,1,1,Uniform,50000,74.147069,674.335,674.335,8.139,120.393,355.200,8.153,120.490,355.216,0,True
"confirmed-sqlbatch-individual-native","31f7deca527cbd5e03b2c74ee16bdab835f1ea42","2026-09-05T00:14:54.9531891+00:00",Queue,Individual,Native,None,1,4,1,5,1000,250,1,1,1,50000,50000,1.000,1.000,1,1,Uniform,50000,25.251886,1980.050,1980.050,7.477,10.757,13.953,7.494,10.781,13.983,0,True
"confirmed-sqlbatch-individual-sqlbatch","31f7deca527cbd5e03b2c74ee16bdab835f1ea42","2026-09-05T00:38:30.5681072+00:00",Queue,Individual,SqlBatch,None,1,4,1,5,1000,250,1,1,4,50000,50000,1.000,1.000,1,1,Uniform,50000,149.425473,334.615,334.615,34.709,55.535,503.432,34.731,55.583,503.447,0,True
"confirmed-sqlbatch-individual-sqlbatch","31f7deca527cbd5e03b2c74ee16bdab835f1ea42","2026-09-05T00:29:14.8584332+00:00",Queue,Individual,SqlBatch,None,1,4,1,5,1000,250,1,1,4,50000,50000,1.000,1.000,1,1,Uniform,50000,147.417028,339.174,339.174,33.751,54.534,524.473,33.780,54.565,524.525,0,True
"confirmed-sqlbatch-individual-sqlbatch","31f7deca527cbd5e03b2c74ee16bdab835f1ea42","2026-09-05T00:17:44.7159736+00:00",Queue,Individual,SqlBatch,None,1,4,1,5,1000,250,1,1,4,50000,50000,1.000,1.000,1,1,Uniform,50000,139.399712,358.681,358.681,31.580,49.459,541.297,31.602,49.499,541.387,0,True
"confirmed-sqlbatch-multi-row-values-native","31f7deca527cbd5e03b2c74ee16bdab835f1ea42","2026-09-05T00:26:45.3007265+00:00",Queue,MultiRowValues,Native,Channel,1,4,100,5,2000,800,1,1,1,5000,5000,100.000,1.000,1,1,Uniform,500000,33.941001,14731.445,14731.445,131.637,159.939,1644.317,131.835,160.061,1647.676,0,True
"confirmed-sqlbatch-multi-row-values-native","31f7deca527cbd5e03b2c74ee16bdab835f1ea42","2026-09-05T00:34:05.6045285+00:00",Queue,MultiRowValues,Native,Channel,1,4,100,5,2000,800,1,1,1,5003,5003,99.940,1.000,1,1,Uniform,500000,46.329500,10792.260,10792.260,128.332,1026.554,2311.147,128.534,1026.709,2312.180,0,True
"confirmed-sqlbatch-multi-row-values-native","31f7deca527cbd5e03b2c74ee16bdab835f1ea42","2026-09-05T00:35:00.7003341+00:00",Queue,MultiRowValues,Native,Channel,1,4,100,5,2000,800,1,1,1,5001,5001,99.980,1.000,1,1,Uniform,500000,34.441986,14517.165,14517.165,137.277,220.898,794.151,137.519,221.020,795.209,0,True
"confirmed-sqlbatch-multi-row-values-sqlbatch","31f7deca527cbd5e03b2c74ee16bdab835f1ea42","2026-09-05T00:13:00.2564832+00:00",Queue,MultiRowValues,SqlBatch,Channel,1,4,100,5,2000,800,1,1,4,5000,5000,100.000,1.000,1,1,Uniform,500000,25.552320,19567.695,19567.695,118.956,149.567,183.310,119.162,149.780,183.532,0,True
"confirmed-sqlbatch-multi-row-values-sqlbatch","31f7deca527cbd5e03b2c74ee16bdab835f1ea42","2026-09-05T00:35:50.3875025+00:00",Queue,MultiRowValues,SqlBatch,Channel,1,4,100,5,2000,800,1,1,4,5000,5000,100.000,1.000,1,1,Uniform,500000,27.868443,17941.440,17941.440,128.062,164.988,323.400,128.273,165.231,323.530,0,True
"confirmed-sqlbatch-multi-row-values-sqlbatch","31f7deca527cbd5e03b2c74ee16bdab835f1ea42","2026-09-05T00:42:05.8498785+00:00",Queue,MultiRowValues,SqlBatch,Channel,1,4,100,5,2000,800,1,1,4,5004,5004,99.920,1.000,1,1,Uniform,500000,25.319365,19747.731,19747.731,117.919,149.765,177.150,118.135,149.942,177.813,0,True
"confirmed-sqlbatch-multiple-statements-native","31f7deca527cbd5e03b2c74ee16bdab835f1ea42","2026-09-05T00:14:10.4164990+00:00",Queue,MultipleInsertStatements,Native,Channel,1,4,50,5,2000,400,1,1,1,10000,10000,50.000,1.000,1,1,Uniform,500000,36.979768,13520.907,13520.907,111.291,145.870,174.393,111.335,145.928,174.432,0,True
"confirmed-sqlbatch-multiple-statements-native","31f7deca527cbd5e03b2c74ee16bdab835f1ea42","2026-09-05T00:30:25.6225966+00:00",Queue,MultipleInsertStatements,Native,Channel,1,4,50,5,2000,400,1,1,1,10000,10000,50.000,1.000,1,1,Uniform,500000,57.553754,8687.531,8687.531,111.990,196.415,2818.812,112.037,196.492,2818.820,0,True
"confirmed-sqlbatch-multiple-statements-native","31f7deca527cbd5e03b2c74ee16bdab835f1ea42","2026-09-05T00:33:05.6352612+00:00",Queue,MultipleInsertStatements,Native,Channel,1,4,50,5,2000,400,1,1,1,10000,10000,50.000,1.000,1,1,Uniform,500000,40.988972,12198.403,12198.403,120.991,161.174,316.962,121.039,161.205,317.019,0,True
"confirmed-sqlbatch-multiple-statements-sqlbatch","31f7deca527cbd5e03b2c74ee16bdab835f1ea42","2026-09-05T00:20:35.5915479+00:00",Queue,MultipleInsertStatements,SqlBatch,Channel,1,4,50,5,2000,400,1,1,4,10003,10003,49.985,1.000,1,1,Uniform,500000,41.458901,12060.136,12060.136,121.550,165.535,281.731,121.608,165.579,281.764,0,True
"confirmed-sqlbatch-multiple-statements-sqlbatch","31f7deca527cbd5e03b2c74ee16bdab835f1ea42","2026-09-05T00:24:55.2476314+00:00",Queue,MultipleInsertStatements,SqlBatch,Channel,1,4,50,5,2000,400,1,1,4,10000,10000,50.000,1.000,1,1,Uniform,500000,38.701844,12919.281,12919.281,113.277,158.683,277.729,113.333,158.754,277.836,0,True
"confirmed-sqlbatch-multiple-statements-sqlbatch","31f7deca527cbd5e03b2c74ee16bdab835f1ea42","2026-09-05T00:25:50.3755661+00:00",Queue,MultipleInsertStatements,SqlBatch,Channel,1,4,50,5,2000,400,1,1,4,10001,10001,49.995,1.000,1,1,Uniform,500000,37.514607,13328.142,13328.142,110.265,157.939,240.322,110.317,158.006,240.343,0,True
"confirmed-sqlbatch-tvp-native","31f7deca527cbd5e03b2c74ee16bdab835f1ea42","2026-09-05T00:32:05.5264575+00:00",Queue,TableValuedParameter,Native,Channel,1,4,500,5,4000,2000,1,1,1,1721,1721,435.793,1.000,1,1,Uniform,750000,67.088499,11179.263,11179.263,370.796,665.408,2714.067,372.376,666.228,2716.255,0,True
"confirmed-sqlbatch-tvp-native","31f7deca527cbd5e03b2c74ee16bdab835f1ea42","2026-09-05T00:41:21.0660323+00:00",Queue,TableValuedParameter,Native,Channel,1,4,500,5,4000,2000,1,1,1,1743,1743,430.293,1.000,1,1,Uniform,750000,56.737168,13218.848,13218.848,297.800,507.685,812.309,299.249,510.665,817.284,0,True
"confirmed-sqlbatch-tvp-native","31f7deca527cbd5e03b2c74ee16bdab835f1ea42","2026-09-05T00:39:55.9724831+00:00",Queue,TableValuedParameter,Native,Channel,1,4,500,5,4000,2000,1,1,1,1712,1712,438.084,1.000,1,1,Uniform,750000,59.125997,12684.775,12684.775,351.696,615.539,776.839,353.210,617.628,778.340,0,True
"confirmed-sqlbatch-tvp-sqlbatch","31f7deca527cbd5e03b2c74ee16bdab835f1ea42","2026-09-05T00:22:35.5628913+00:00",Queue,TableValuedParameter,SqlBatch,Channel,1,4,500,5,4000,2000,4,1,1,797,1597,941.029,2.004,3,4,Uniform,750000,51.208120,14646.115,14646.115,369.732,455.619,497.531,376.303,464.423,502.428,0,True
"confirmed-sqlbatch-tvp-sqlbatch","31f7deca527cbd5e03b2c74ee16bdab835f1ea42","2026-09-05T00:43:31.0545157+00:00",Queue,TableValuedParameter,SqlBatch,Channel,1,4,500,5,4000,2000,4,1,1,809,1619,927.070,2.001,3,4,Uniform,750000,57.295187,13090.105,13090.105,398.096,496.929,544.948,403.766,503.008,550.254,0,True
"confirmed-sqlbatch-tvp-sqlbatch","31f7deca527cbd5e03b2c74ee16bdab835f1ea42","2026-09-05T00:19:31.1856033+00:00",Queue,TableValuedParameter,SqlBatch,Channel,1,4,500,5,4000,2000,4,1,1,774,1553,968.992,2.006,3,4,Uniform,750000,82.405707,9101.311,9101.311,385.557,1979.535,6221.700,393.391,1987.809,6229.911,0,True
